form	lemma	POS	morph
༈		PUNCT
རྒྱལ་དབང་	རྒྱལ་དབང་	NOUN
མཁའ་ཁྱབ་	མཁའ་ཁྱབ་	NOUN
རྡོ་རྗེ་	རྡོ་རྗེ་	NOUN
འི་	གི་	PART
བཀའ་འབུམ་	བཀའ་འབུམ་	NOUN
།		PUNCT
གླེགས་བམ་	གླེགས་བམ་	NOUN
ཀ་པ་	ཀ་པ་	OTHER
།		PUNCT
		
གཞོན་ནུ་	གཞོན་ནུ་	ADJ
འི་	གི་	PART
དུས་	དུས་	NOUN
ཀྱི་	གི་	PART
རྩོམ་	རྩོམ་	VERB
ཐོར་བུ་	ཐོར་བུ་	OTHER
འི་	གི་	PART
སྐོར་	སྐོར་	NOUN
ཕྱོགས་	ཕྱོགས་	NOUN
གཅིག་	གཅིག་	NUM
ཏུ་	ལ་	PART
བྱས་པ་	བྱས་པ་	VERB
དབྱར་	དབྱར་	ADV
གྱི་	གི་	PART
ནེའུ་སིང་	ནེའུ་སིང་	NO_POS
སིལ་མ་	སིལ་མ་	NOUN
།		PUNCT
		
		
སྙན་ངག་	སྙན་ངག་	NOUN
གི་	གི་	PART
རྒྱན་	རྒྱན་	NOUN
གྱི་	གི་	PART
བསྟན་བཅོས་	བསྟན་བཅོས་	NOUN
མེ་ལོང་	མེ་ལོང་	NOUN
མ་	མ་	PART
འི་	གི་	PART
སརྒ་		NON_WORD
གསུམ་	གསུམ་	NUM
གྱི་	གི་	PART
བསྟན་	བསྟན་	VERB
དོན་	དོན་	NOUN
དཔེ་	དཔེ་	NOUN
ར་	ལ་	PART
བརྗོད་	བརྗོད་	VERB
ཀྱི་	གི་	PART
སྒོ་	སྒོ་	NOUN
ན་	ནས་	PART
འཇིག་རྟེན་	འཇིག་རྟེན་	NOUN
དབང་ཕྱུག་	དབང་ཕྱུག་	NOUN
སྤྱན་རས་	སྤྱན་རས་	NO_POS
གཟིགས་	གཟིགས་	VERB
ལ་	ལ་	PART
བསྔགས་པ་	བསྔགས་པ་	VERB
དྲི་མེད་	དྲི་མེད་	ADJ
པདྨ་	པདྨ་	NOUN
དཀར་པོ་	དཀར་པོ་	ADJ
འི་	གི་	PART
ཕྲེང་བ་	ཕྲེང་བ་	NOUN
།		PUNCT
		
མཚོ་སྐྱེས་	མཚོ་སྐྱེས་	OTHER
བླ་མ་	བླ་མ་	NOUN
མཆོག་	མཆོག་	ADJ
གི་	གི་	PART
རྣམ་ཐར་	རྣམ་ཐར་	NOUN
ལ་	ལ་	PART
བསྔགས་	བསྔགས་	VERB
ཤིང་	ཅིང་	PART
སྨོན་ཚིག་	སྨོན་ཚིག་	OTHER
ཏུ་	ལ་	PART
བསྡེབས་པ་	བསྡེབས་པ་	VERB
དབྱངས་ཅན་	དབྱངས་ཅན་	PROPN
དགའ་བྱེད་	དགའ་བྱེད་	OTHER
དྲི་མེད་	དྲི་མེད་	ADJ
ཨུཏྤ་		NON_WORD
ལ་	ལ་	ADP
འི་	གི་	PART
དོ་ཤལ་	དོ་ཤལ་	OTHER
རབ་	རབ་	ADV
མཛེ་	མཛེ་	VERB
ཚངས་པ་	ཚངས་པ་	PROPN
འི་	གི་	PART
མགུལ་རྒྱན་	མགུལ་རྒྱན་	NOUN
།		PUNCT
		
སྟོན་པ་	སྟོན་པ་	NOUN
མཚུངས་མེད་	མཚུངས་མེད་	OTHER
ལ་	ལ་	PART
བསྔགས་པ་	བསྔགས་པ་	VERB
བྱ་	བྱ་	VERB
དཀ་	དཀའ་	VERB
འི་	གི་	PART
རེའུ་མིག་	རེའུ་མིག་	NOUN
བློ་གྲོས་	བློ་གྲོས་	NOUN
རྒྱ་མཚོ་	རྒྱ་མཚོ་	NOUN
འི་	གི་	PART
རླབས་ཕྲེང་	རླབས་ཕྲེང་	OTHER
།		PUNCT
		
ཐུབ་	ཐུབ་	VERB
མཆོག་	མཆོག་	ADJ
དོན་	དོན་	NOUN
ཀུན་གྲུབ་པ་	ཀུན་གྲུབ་པ་	OTHER
འི་	གི་	PART
རྣམ་ཐར་	རྣམ་ཐར་	NOUN
ལ་	ལ་	PART
བསྔགས་པ་	བསྔགས་པ་	VERB
བྱ་	བྱ་	VERB
དཀ་	དཀའ་	VERB
འི་	གི་	PART
རེའུ་མིག་	རེའུ་མིག་	NOUN
རྣམ་པ་	རྣམ་པ་	NOUN
ར་	ལ་	PART
སྤེལ་བ་	སྤེལ་བ་	VERB
དབྱངས་	དབྱངས་	NOUN
ཀྱི་	གི་	PART
ཡན་ལག་	ཡན་ལག་	NOUN
རྒྱ་མཚོ་	རྒྱ་མཚོ་	NOUN
འི་	གི་	PART
སྒྲ་དབྱངས་	སྒྲ་དབྱངས་	NOUN
ཟབ་མོ་	ཟབ་མོ་	ADJ
འི་	གི་	PART
ནོར་བུ་	ནོར་བུ་	NOUN
འི་	གི་	PART
རྒྱལ་མཚན་	རྒྱལ་མཚན་	NOUN
།		PUNCT
		
ཀརྨ་པ་	ཀརྨ་པ་	NO_POS
དུས་གསུམ་	དུས་གསུམ་	OTHER
མཁྱེན་པ་	མཁྱེན་པ་	VERB
འི་	གི་	PART
བསྟོད་དབྱངས་	བསྟོད་དབྱངས་	NO_POS
།		PUNCT
		
མཆོད་	མཆོད་	VERB
ཕྲེང་	ཕྲེང་	OTHER
ནམ་མཁའ་	ནམ་མཁའ་	NOUN
མཛོད་	མཛོད་	NOUN
ཀྱི་	གི་	PART
འཁོར་ལོ་	འཁོར་ལོ་	NOUN
འི་	གི་	PART
དྲྭ་བ་	དྲྭ་བ་	NON_WORD
མེ་ཏོག་	མེ་ཏོག་	NOUN
སྤྲིན་	སྤྲིན་	NOUN
གྱི་	གི་	PART
ལྡིང་ཁང་	ལྡིང་ཁང་	NOUN
།		PUNCT
		
བཅོམ་ལྡན་འདས་	བཅོམ་ལྡན་འདས་	NOUN
མ་	མ་	PART
ལྷ་མོ་	ལྷ་མོ་	NOUN
གཙུག་ཏོར་	གཙུག་ཏོར་	PROPN
རྣམ་པ་	རྣམ་པ་	NOUN
ར་	ལ་	PART
རྒྱལ་མ་	རྒྱལ་མ་	OTHER
ལ་	ལ་	PART
བསྟོད་པ་	བསྟོད་པ་	VERB
འཆི་མེད་	འཆི་མེད་	NOUN
ནོར་བུ་	ནོར་བུ་	NOUN
འི་	གི་	PART
ཏམྦུ་		NON_WORD
ར་	ར་	ADP
།		PUNCT
		
རྣལ་འབྱོར་	རྣལ་འབྱོར་	NOUN
གྱི་	གི་	PART
དབང་ཕྱུག་	དབང་ཕྱུག་	NOUN
ཆེན་པོ་	ཆེན་པོ་	ADJ
མདའ་	མདའ་	NOUN
མནུན་		NON_WORD
ཞབས་	ཞབས་	NOUN
ཀྱི་	གི་	PART
རྣམ་པ་	རྣམ་པ་	NOUN
ར་	ལ་	PART
ཐར་པ་	ཐར་པ་	VERB
ལ་	ལ་	PART
བསྔགས་པ་	བསྔགས་པ་	VERB
བརྗོད་པ་	བརྗོད་པ་	VERB
འི་	གི་	PART
ཚིགས་	ཚིགས་	NOUN
སུ་	ལ་	PART
བཅད་པ་	བཅད་པ་	VERB
ཨེ་ཝཾ་	ཨེ་ཝཾ་	X
ཕྱག་རྒྱ་	ཕྱག་རྒྱ་	NOUN
འི་	གི་	PART
ཟློས་གར་	ཟློས་གར་	NOUN
བདེ་ཆེན་	བདེ་ཆེན་	NOUN
བཞད་པ་	བཞད་པ་	PROPN
འི་	གི་	PART
གླུ་དབྱངས་	གླུ་དབྱངས་	NOUN
།		PUNCT
		
ཁོ་བོ་	ཁོ་བོ་	PRON
དཔལ་	དཔལ་	OTHER
ཀརྨ་པ་	ཀརྨ་པ་	NO_POS
བཅོ་ལྔ་པ་	བཅོ་ལྔ་པ་	NO_POS
འི་	གི་	PART
སྐྱེས་རབས་	སྐྱེས་རབས་	NOUN
ཀྱི་	གི་	PART
རྟོགས་པ་	རྟོགས་པ་	VERB
བརྗོད་པ་	བརྗོད་པ་	VERB
ངོ་མཚར་	ངོ་མཚར་	ADJ
བདུད་རྩི་	བདུད་རྩི་	NOUN
འི་	གི་	PART
རླབས་ཕྲེང་	རླབས་ཕྲེང་	OTHER
དྲི་མེད་	དྲི་མེད་	ADJ
ཟླ་ཟེར་	ཟླ་ཟེར་	OTHER
།		PUNCT
		
བླ་མ་	བླ་མ་	NOUN
འི་	གི་	PART
རྣལ་འབྱོར་	རྣལ་འབྱོར་	NOUN
གྱི་	གི་	PART
སྐོར་	སྐོར་	NOUN
བྱིན་རླབས་	བྱིན་རླབས་	NOUN
སྤྲིན་	སྤྲིན་	NOUN
གྱི་	གི་	PART
བླ་རེ་	བླ་རེ་	NOUN
།		PUNCT
		
བླ་མ་	བླ་མ་	NOUN
འི་	གི་	PART
རྣལ་འབྱོར་	རྣལ་འབྱོར་	NOUN
བདེ་ཆེན་	བདེ་ཆེན་	NOUN
གྲུབ་པ་	གྲུབ་པ་	VERB
འི་	གི་	PART
ཐིག་ལེ་	ཐིག་ལེ་	NOUN
།		PUNCT
		
མཉམ་མེད་	མཉམ་མེད་	ADJ
རྗེ་བཙུན་	རྗེ་བཙུན་	NOUN
སྒམ་པོ་པ་	སྒམ་པོ་པ་	PROPN
རིན་པོ་ཆེ་	རིན་པོ་ཆེ་	ADJ
འི་	གི་	PART
ཞལ་གདམས་	ཞལ་གདམས་	NOUN
གསང་	གསང་	VERB
ལམ་	གམ་	PART
བླ་མ་	བླ་མ་	NOUN
སྒྲུབ་པ་	སྒྲུབ་པ་	VERB
འི་	གི་	PART
མན་ངག་	མན་ངག་	NOUN
གི་	གི་	PART
སྒྲུབ་ཐབས་	སྒྲུབ་ཐབས་	NOUN
ཕྲིན་ལས་	ཕྲིན་ལས་	NOUN
ཀྱི་	གི་	PART
བྱང་བུ་	བྱང་བུ་	OTHER
བཀླག་	བཀླག་	VERB
ཆོག་	ཆོག་	VERB
ཏུ་	ལ་	PART
བཀོད་པ་	བཀོད་པ་	VERB
ཉི་མ་	ཉི་མ་	NOUN
འི་	གི་	PART
སྙིང་པོ་	སྙིང་པོ་	NOUN
ཡེ་ཤེས་	ཡེ་ཤེས་	NOUN
རྒྱན་	རྒྱན་	NOUN
གྱི་	གི་	PART
བླ་བྲེ་	བླ་བྲེ་	NO_POS
།		PUNCT
		
དཔལ་ལྡན་	དཔལ་ལྡན་	ADJ
རྡོ་རྗེ་	རྡོ་རྗེ་	NOUN
འཆང་	འཆང་	NO_POS
ཆེན་	ཆེན་	NO_POS
རྒྱལ་བ་	རྒྱལ་བ་	NOUN
བློ་གྲོས་	བློ་གྲོས་	NOUN
མཐའ་	མཐའ་	NOUN
ཡ་		
གཙོ་བོ་	གཙོ་བོ་	ADJ
ར་	ལ་	PART
བཞུགས་པ་	བཞུགས་པ་	VERB
འི་	གི་	PART
རྒྱ་མཚོ་	རྒྱ་མཚོ་	NOUN
ལྔ་	ལྔ་	NUM
འི་	གི་	PART
དཀྱིལ་འཁོར་	དཀྱིལ་འཁོར་	NOUN
ཆེན་པོ་	ཆེན་པོ་	ADJ
མཆོད་	མཆོད་	VERB
ཅིང་	ཅིང་	PART
སྒྲུབ་པ་	སྒྲུབ་པ་	VERB
འི་	གི་	PART
རིམ་པ་	རིམ་པ་	NOUN
རྣམ་གྲོལ་	རྣམ་གྲོལ་	NOUN
མཆོག་	མཆོག་	ADJ
སྟེར་	སྟེར་	VERB
།		PUNCT
		
གསར་རྙིང་	གསར་རྙིང་	OTHER
བཀའ་	བཀའ་	NOUN
གཏེར་	གཏེར་	NOUN
ལྷག་པ་	ལྷག་པ་	VERB
འི་	གི་	PART
ལྷ་	ལྷ་	NOUN
རྣམས་	རྣམས་	DET
ཀྱི་	གི་	PART
སྒོམ་བཟླས་	སྒོམ་བཟླས་	OTHER
ཀྱི་	གི་	PART
སྐོར་	སྐོར་	NOUN
སྣ་ཚོགས་	སྣ་ཚོགས་	DET
ནོར་བུ་	ནོར་བུ་	NOUN
འི་	གི་	PART
ཆར་རྒྱུན་	ཆར་རྒྱུན་	OTHER
།		PUNCT
		
དཔལ་	དཔལ་	OTHER
འཁོར་ལོ་	འཁོར་ལོ་	NOUN
སྡོམ་པ་	སྡོམ་པ་	NOUN
ལྷ་	ལྷ་	NOUN
ལྔ་	ལྔ་	NUM
འི་	གི་	PART
སྒྲུབ་ཐབས་	སྒྲུབ་ཐབས་	NOUN
དཀྱིལ་ཆོག་	དཀྱིལ་ཆོག་	OTHER
བཅའ་	བཅའ་	VERB
ཉུང་ངུ་	ཉུང་ངུ་	ADJ
ར་	ལ་	PART
བསྡུས་པ་	བསྡུས་པ་	VERB
།		PUNCT
		
བསྙེན་	བསྙེན་	VERB
ཡིག་	ཡིག་	NOUN
།		PUNCT
		
རྡོ་རྗེ་	རྡོ་རྗེ་	NOUN
རྣལ་འབྱོར་	རྣལ་འབྱོར་	NOUN
མ་	མ་	PART
ལྷ་	ལྷ་	NOUN
ལྔ་	ལྔ་	NUM
འི་	གི་	PART
སྒྲུབ་ཐབས་	སྒྲུབ་ཐབས་	NOUN
ཚོགས་མཆོད་	ཚོགས་མཆོད་	NOUN
བཅའ་	བཅའ་	VERB
ཉུང་ངུ་	ཉུང་ངུ་	ADJ
ར་	ལ་	PART
བསྡེབས་པ་	བསྡེབས་པ་	VERB
ཡེ་ཤེས་	ཡེ་ཤེས་	NOUN
ཆར་རྒྱུན་	ཆར་རྒྱུན་	OTHER
།		PUNCT
		
གསང་བདག་	གསང་བདག་	OTHER
ཉི་མ་	ཉི་མ་	NOUN
མདུང་	མདུང་	NOUN
གང་	གང་	NO_POS
མ་	མ་	PART
གཡའ་བཟང་	གཡའ་བཟང་	NO_POS
ལུགས་	ལུགས་	NOUN
ཀརྨ་	ཀརྨ་	NO_POS
ཆགས་	ཆགས་	VERB
མེད་	མེད་	VERB
ན་	ནས་	PART
བརྒྱུད་པ་	བརྒྱུད་པ་	VERB
འི་	གི་	PART
ཁུངས་	ཁུངས་	NOUN
བཙུན་	བཙུན་	VERB
གྱི་	གི་	PART
དམིགས་	དམིགས་	VERB
འདོན་	འདོན་	VERB
ཁ་གསལ་	ཁ་གསལ་	OTHER
ཁྱེ་	ཁྱེ་	VERB
བདེ་	བདེ་	VERB
ར་	ལ་	PART
བཀོད་པ་	བཀོད་པ་	VERB
།		PUNCT
		
ཚིག་	ཚིག་	NOUN
བདུན་	བདུན་	NUM
སྒྲུབ་ཐབས་	སྒྲུབ་ཐབས་	NOUN
ཟབ་མོ་	ཟབ་མོ་	ADJ
སྨིན་	སྨིན་	VERB
སྒྲོལ་	སྒྲོལ་	VERB
ལག་ལེན་	ལག་ལེན་	NOUN
མཚམས་	མཚམས་	NOUN
སྦྱོར་	སྦྱོར་	VERB
གྱིས་	གིས་	PART
བརྒྱན་པ་	བརྒྱན་པ་	VERB
པདྨ་	པདྨ་	NOUN
འི་	གི་	PART
ལྡིང་ཁང་	ལྡིང་ཁང་	NOUN
།		PUNCT
		
ཚིག་	ཚིག་	NOUN
བདུན་	བདུན་	NUM
བླ་	བླ་	NOUN
སྒྲུབ་	སྒྲུབ་	VERB
ཟབ་མོ་	ཟབ་མོ་	ADJ
འི་	གི་	PART
ཡུམ་	ཡུམ་	NOUN
བཀའ་	བཀའ་	NOUN
མཁའ་འགྲོ་	མཁའ་འགྲོ་	NOUN
འདུས་པ་	འདུས་པ་	VERB
འི་	གི་	PART
དབང་	དབང་	NOUN
བསྐུར་	བསྐུར་	NO_POS
མཚམས་	མཚམས་	NOUN
སྦྱོར་	སྦྱོར་	VERB
གྱིས་	གིས་	PART
བརྒྱན་པ་	བརྒྱན་པ་	VERB
བདེ་ཆེན་	བདེ་ཆེན་	NOUN
གྲུབ་པ་	གྲུབ་པ་	VERB
འི་	གི་	PART
ཟིལ་མངར་	ཟིལ་མངར་	OTHER
།		PUNCT
		
སྤ་	སྤ་	NOUN
བྱང་	བྱང་	NOUN
སྨོན་ཚིག་	སྨོན་ཚིག་	OTHER
། ༈		PUNCT
རྒྱལ་དབང་	རྒྱལ་དབང་	NOUN
མཁའ་ཁྱབ་	མཁའ་ཁྱབ་	NOUN
རྡོ་རྗེ་	རྡོ་རྗེ་	NOUN
འི་	གི་	PART
བཀའ་འབུམ་	བཀའ་འབུམ་	NOUN
།		PUNCT
གླེགས་བམ་	གླེགས་བམ་	NOUN
ཁ་པ་	ཁ་པ་	OTHER
།		PUNCT
		
བླ་མ་	བླ་མ་	NOUN
དགོངས་པ་	དགོངས་པ་	VERB
འདུས་པ་	འདུས་པ་	VERB
འི་	གི་	PART
ལས་བྱང་	ལས་བྱང་	OTHER
མེ་ཏོག་	མེ་ཏོག་	NOUN
ཕྲེང་	ཕྲེང་	OTHER
མཛེ་	མཛེ་	VERB
ཀྱི་	གི་	PART
མངོན་རྟོགས་	མངོན་རྟོགས་	NOUN
ཅུང་ཟད་	ཅུང་ཟད་	ADV
སྤྲོས་པ་	སྤྲོས་པ་	VERB
དང་	དང་	NO_POS
ཉེ་	ཉེ་	NUM
མཁོ་	མཁོ་	NO_POS
འི་	གི་	PART
ཟུར་འདེབས་	ཟུར་འདེབས་	NO_POS
ཉུང་ངུ་	ཉུང་ངུ་	ADJ
རིན་ཆེན་	རིན་ཆེན་	OTHER
སྙིང་པོ་	སྙིང་པོ་	NOUN
ཟེའུ་འབྲུ་	ཟེའུ་འབྲུ་	NOUN
།		PUNCT
		
བླ་མ་	བླ་མ་	NOUN
དགོངས་པ་	དགོངས་པ་	VERB
འདུས་པ་	འདུས་པ་	VERB
འི་	གི་	PART
ཕྲིན་ལས་	ཕྲིན་ལས་	NOUN
རྒྱུན་	རྒྱུན་	NOUN
ཁྱེ་	ཁྱེ་	VERB
ལུས་	ལུས་	NOUN
དཀྱིལ་	དཀྱིལ་	NOUN
གཙོ་	གཙོ་	NOUN
ར་	ལ་	PART
བཏོན་	བཏོན་	NO_POS
གྱི་	གི་	PART
ལུགས་	ལུགས་	NOUN
ཤིན་ཏུ་	ཤིན་ཏུ་	NO_POS
བསྡུས་པ་	བསྡུས་པ་	VERB
སྙིང་པོ་	སྙིང་པོ་	NOUN
དམ་པ་	དམ་པ་	VERB
འི་	གི་	PART
རྒྱན་	རྒྱན་	NOUN
།		PUNCT
		
བླ་མ་	བླ་མ་	NOUN
དགོངས་པ་	དགོངས་པ་	VERB
འདུས་པ་	འདུས་པ་	VERB
འི་	གི་	PART
ཚོགས་སྒྲུབ་	ཚོགས་སྒྲུབ་	NOUN
སྨན་	སྨན་	NOUN
སྒྲུབ་	སྒྲུབ་	VERB
སྦྲེལ་མ་	སྦྲེལ་མ་	NO_POS
དང་	དང་	NO_POS
འབྲེལ་བ་	འབྲེལ་བ་	VERB
ར་	ལ་	PART
སྒྲུབ་	སྒྲུབ་	VERB
དབང་	དབང་	NOUN
ཚང་མ་	ཚང་མ་	OTHER
བསྐུར་	བསྐུར་	NO_POS
སྐབས་	སྐབས་	NOUN
ཀྱི་	གི་	PART
གཏོང་	གཏོང་	VERB
ཐུན་	ཐུན་	NOUN
།		PUNCT
		
བླ་མ་	བླ་མ་	NOUN
དགོངས་པ་	དགོངས་པ་	VERB
འདུས་པ་	འདུས་པ་	VERB
འི་	གི་	PART
ལ་	ལ་	ADP
ས་	གིས་	PART
བཞི་	བཞི་	NUM
སྦྱིན་སྲེག་	སྦྱིན་སྲེག་	NOUN
གི་	གི་	PART
ཆོ་ག་	ཆོ་ག་	NOUN
ཤིན་ཏུ་	ཤིན་ཏུ་	NO_POS
བསྡུས་པ་	བསྡུས་པ་	VERB
བཀླག་	བཀླག་	VERB
ཆོག་	ཆོག་	VERB
མ་	མ་	NOUN
བཀོད་པ་	བཀོད་པ་	VERB
ཡིད་བཞིན་	ཡིད་བཞིན་	OTHER
འཕྲུལ་	འཕྲུལ་	VERB
གྱི་	གི་	PART
འདོད་འཇོ་	འདོད་འཇོ་	OTHER
།		PUNCT
		
བླ་མ་	བླ་མ་	NOUN
དགོངས་པ་	དགོངས་པ་	VERB
འདུས་པ་	འདུས་པ་	VERB
འི་	གི་	PART
བསྙེན་སྒྲུབ་	བསྙེན་སྒྲུབ་	NOUN
ལ་	ལ་	ADP
ས་	གིས་	PART
སྦྱོར་	སྦྱོར་	VERB
ལ་	ལ་	PART
མཁོ་བ་	མཁོ་བ་	VERB
འི་	གི་	PART
མནན་པ་	མནན་པ་	VERB
འི་	གི་	PART
ལག་ལེན་	ལག་ལེན་	NOUN
ངག་འདོན་	ངག་འདོན་	OTHER
འཁོར་ལོ་	འཁོར་ལོ་	NOUN
ནག་པོ་	ནག་པོ་	ADJ
འི་	གི་	PART
འཐིབ་	འཐིབ་	NO_POS
གནོན་	གནོན་	VERB
།		PUNCT
		
གསང་	གསང་	VERB
གླིང་	གླིང་	NOUN
བླ་མ་	བླ་མ་	NOUN
དགོངས་	དགོངས་	VERB
འདུ་	འདུ་	VERB
ཀྱི་	གི་	PART
དབང་ཆེན་	དབང་ཆེན་	OTHER
མོ་	མོ་	PRON
འི་	གི་	PART
སློབ་མ་	སློབ་མ་	NOUN
རྗེས་འཛིན་	རྗེས་འཛིན་	NOUN
གྱི་	གི་	PART
མཚམས་	མཚམས་	NOUN
སྦྱོར་	སྦྱོར་	VERB
མདོར་བསྡུས་	མདོར་བསྡུས་	OTHER
སྙིང་པོ་	སྙིང་པོ་	NOUN
ར་	ལ་	PART
དྲིལ་བ་	དྲིལ་བ་	VERB
།		PUNCT
		
བླ་མ་	བླ་མ་	NOUN
དགོངས་པ་	དགོངས་པ་	VERB
འདུས་པ་	འདུས་པ་	VERB
འི་	གི་	PART
རབ་གནས་	རབ་གནས་	NOUN
ཀྱི་	གི་	PART
ཆོ་ག་	ཆོ་ག་	NOUN
བཀྲ་ཤིས་	བཀྲ་ཤིས་	NOUN
བརྩེགས་པ་	བརྩེགས་པ་	VERB
།		PUNCT
		
བླ་མ་	བླ་མ་	NOUN
དགོངས་པ་	དགོངས་པ་	VERB
འདུས་པ་	འདུས་པ་	VERB
འི་	གི་	PART
འཇམ་དབྱངས་	འཇམ་དབྱངས་	PROPN
བློ་	བློ་	NOUN
འཕེལ་	འཕེལ་	VERB
ཤེས་རབ་	ཤེས་རབ་	NOUN
རལ་གྲི་	རལ་གྲི་	NOUN
འི་	གི་	PART
རྗེས་གནང་	རྗེས་གནང་	NOUN
གི་	གི་	PART
སྒྲུབ་པ་	སྒྲུབ་པ་	VERB
འི་	གི་	PART
ཡིག་ཆ་	ཡིག་ཆ་	NOUN
འི་	གི་	PART
རྒྱུད་	རྒྱུད་	NOUN
འདེབས་	འདེབས་	VERB
།		PUNCT
		
བླ་མ་	བླ་མ་	NOUN
དགོངས་པ་	དགོངས་པ་	VERB
འདུས་པ་	འདུས་པ་	VERB
འི་	གི་	PART
ཚེ་སྒྲུབ་	ཚེ་སྒྲུབ་	NOUN
བདུད་རྩི་	བདུད་རྩི་	NOUN
འི་	གི་	PART
རྒྱ་མཚོ་	རྒྱ་མཚོ་	NOUN
འི་	གི་	PART
དབང་	དབང་	NOUN
ཟིན་	ཟིན་	VERB
།		PUNCT
		
ཡོངས་	ཡོངས་	DET
དགེ་	དགེ་	NOUN
མི་	མི་	PART
འགྱུར་	འགྱུར་	VERB
རྡོ་རྗེ་	རྡོ་རྗེ་	NOUN
འི་	གི་	PART
དག་སྣང་	དག་སྣང་	NOUN
པཀྴིའི་		NON_WORD
བླ་	བླ་	NOUN
སྒྲུབ་	སྒྲུབ་	VERB
ཀྱི་	གི་	PART
བསྙེན་	བསྙེན་	VERB
རྐྱང་	རྐྱང་	OTHER
བྱ་	བྱ་	VERB
ཚུལ་	ཚུལ་	NOUN
གྱི་	གི་	PART
ཡི་གེ་	ཡི་གེ་	NOUN
བདེ་ཆེན་	བདེ་ཆེན་	NOUN
གྲུབ་པ་	གྲུབ་པ་	VERB
འི་	གི་	PART
ཐིག་ལེ་	ཐིག་ལེ་	NOUN
།		PUNCT
		
བླ་མ་	བླ་མ་	NOUN
འི་	གི་	PART
ཐུགས་	ཐུགས་	NOUN
སྒྲུབ་	སྒྲུབ་	VERB
བར་ཆད་	བར་ཆད་	NOUN
ཀུན་	ཀུན་	DET
སེལ་	སེལ་	VERB
གྱི་	གི་	PART
ཞལ་གདམས་	ཞལ་གདམས་	NOUN
སྙིང་	སྙིང་	NOUN
བྱང་	བྱང་	NOUN
ཡིད་བཞིན་	ཡིད་བཞིན་	OTHER
ནོར་བུ་	ནོར་བུ་	NOUN
འི་	གི་	PART
ལེའུ་	ལེའུ་	NOUN
བཅུ་བཞི་པ་	བཅུ་བཞི་པ་	NO_POS
ལ་	ལ་	ADP
ས་	གིས་	PART
།		PUNCT
མཆོག་	མཆོག་	ADJ
གི་	གི་	PART
དངོས་གྲུབ་	དངོས་གྲུབ་	NOUN
མངོན་དུ་	མངོན་དུ་	NO_POS
བྱེད་པ་	བྱེད་པ་	VERB
བདུད་རྩི་	བདུད་རྩི་	NOUN
སྨན་	སྨན་	NOUN
གྱི་	གི་	PART
ལག་ལེན་	ལག་ལེན་	NOUN
ངག་འདོན་	ངག་འདོན་	OTHER
ཉུང་ངུ་	ཉུང་ངུ་	ADJ
ར་	ལ་	PART
བཀྲོལ་བ་	བཀྲོལ་བ་	NO_POS
།		PUNCT
		
བོད་ཡུལ་	བོད་ཡུལ་	PROPN
ས་འོག་	ས་འོག་	OTHER
ཀུན་	ཀུན་	DET
གྱི་	གི་	PART
གཏེར་	གཏེར་	NOUN
གཅིག་	གཅིག་	NUM
བླ་མ་	བླ་མ་	NOUN
འི་	གི་	PART
ཐུགས་	ཐུགས་	NOUN
སྒྲུབ་	སྒྲུབ་	VERB
བར་ཆད་	བར་ཆད་	NOUN
ཀུན་	ཀུན་	DET
སེལ་	སེལ་	VERB
གྱི་	གི་	PART
སྤྱི་	སྤྱི་	DET
དང་	དང་	NO_POS
བྱེ་བྲག་	བྱེ་བྲག་	NOUN
ཕྲིན་ལས་	ཕྲིན་ལས་	NOUN
གང་	གང་	NO_POS
ལ་	ལ་	ADP
འང་	ཀྱང་	PART
འབྲེལ་	འབྲེལ་	VERB
ཆོག་པ་	ཆོག་པ་	VERB
འི་	གི་	PART
ལ་	ལ་	ADP
ས་	གིས་	PART
བཞི་	བཞི་	NUM
འི་	གི་	PART
སྦྱིན་སྲེག་	སྦྱིན་སྲེག་	NOUN
།		PUNCT
		
ཀློང་ཆེན་	ཀློང་ཆེན་	PROPN
སྙིང་ཐིག་	སྙིང་ཐིག་	NOUN
གི་	གི་	PART
བླ་	བླ་	NOUN
སྒྲུབ་	སྒྲུབ་	VERB
ཐིག་ལེ་	ཐིག་ལེ་	NOUN
རྒྱ་	རྒྱ་	NOUN
ཅན་	ཅན་	PART
གྱི་	གི་	PART
སྨིན་	སྨིན་	VERB
བྱེད་	བྱེད་	VERB
ཡེ་ཤེས་	ཡེ་ཤེས་	NOUN
མཆོག་སྦྱིན་	མཆོག་སྦྱིན་	NOUN
གྱི་	གི་	PART
མཚམས་	མཚམས་	NOUN
སྦྱོར་	སྦྱོར་	VERB
ཉུང་ངུ་	ཉུང་ངུ་	ADJ
ར་	ལ་	PART
བཀོད་པ་	བཀོད་པ་	VERB
བདེ་ཆེན་	བདེ་ཆེན་	NOUN
ཐིག་ལེ་	ཐིག་ལེ་	NOUN
།		PUNCT
		
དཔལ་	དཔལ་	OTHER
བཀའ་	བཀའ་	NOUN
འདུ་	འདུ་	VERB
ཀྱི་	གི་	PART
ཆ་ལག་	ཆ་ལག་	NOUN
རྣལ་འབྱོར་	རྣལ་འབྱོར་	NOUN
རྒྱུན་	རྒྱུན་	NOUN
གྱི་	གི་	PART
ལ་	ལ་	ADP
ས་	གིས་	PART
སྦྱོར་	སྦྱོར་	VERB
ལ་	ལ་	ADP
ས་	གིས་	PART
།		PUNCT
རིམ་པ་	རིམ་པ་	NOUN
དང་པོ་	དང་པོ་	ADJ
བར་ཆད་	བར་ཆད་	NOUN
བཟློག་པ་	བཟློག་པ་	VERB
དམར་	དམར་	VERB
ཆེན་	ཆེན་	NO_POS
གཏོར་མ་	གཏོར་མ་	NOUN
འི་	གི་	PART
ལས་རིམ་	ལས་རིམ་	OTHER
གྱི་	གི་	PART
ལག་ལེན་	ལག་ལེན་	NOUN
།		PUNCT
		
མཆོག་	མཆོག་	ADJ
གླིང་	གླིང་	NOUN
རྟེན་འབྲེལ་	རྟེན་འབྲེལ་	NOUN
ཆོ་	ཆོ་	NOUN
བཅུ་	བཅུ་	NUM
འི་	གི་	PART
བླ་མ་	བླ་མ་	NOUN
འི་	གི་	PART
ཐུགས་	ཐུགས་	NOUN
སྒྲུབ་	སྒྲུབ་	VERB
སྐོར་	སྐོར་	NOUN
གསུམ་	གསུམ་	NUM
གྱི་	གི་	PART
གསང་	གསང་	VERB
སྒྲུབ་	སྒྲུབ་	VERB
རྡོ་རྗེ་	རྡོ་རྗེ་	NOUN
དྲག་རྩལ་	དྲག་རྩལ་	OTHER
གྱི་	གི་	PART
ཕྲིན་	ཕྲིན་	NOUN
དབང་	དབང་	NOUN
གི་	གི་	PART
ཟུར་	ཟུར་	NOUN
རྒྱན་	རྒྱན་	NOUN
བཀླགས་	བཀླགས་	NO_POS
ཆོག་	ཆོག་	VERB
ཏུ་	ལ་	PART
བཀོད་པ་	བཀོད་པ་	VERB
ཕ་ལམ་	ཕ་ལམ་	OTHER
རྡོ་རྗེ་	རྡོ་རྗེ་	NOUN
འི་	གི་	PART
ལྷུན་པོ་	ལྷུན་པོ་	OTHER
།		PUNCT
		
གྲོ་	གྲོ་	NOUN
ལོད་	ལོད་	NO_POS
རྒྱུན་	རྒྱུན་	NOUN
ཁྱེ་	ཁྱེ་	VERB
།		PUNCT
		
གུ་རུ་	གུ་རུ་	PROPN
རྡོ་རྗེ་	རྡོ་རྗེ་	NOUN
གྲོ་	གྲོ་	NOUN
ལོད་	ལོད་	NO_POS
ཧཱུྃ་		NON_WORD
གི་	གི་	PART
སྒྲུབ་ཐབས་	སྒྲུབ་ཐབས་	NOUN
གདུག་པ་	གདུག་པ་	ADJ
ཀུན་	ཀུན་	DET
འདུལ་	འདུལ་	NO_POS
གྱི་	གི་	PART
སྨིན་	སྨིན་	VERB
དབང་	དབང་	NOUN
མཚམས་	མཚམས་	NOUN
སྦྱོར་	སྦྱོར་	VERB
གྱི་	གི་	PART
བརྒྱན་པ་	བརྒྱན་པ་	VERB
རྡོ་རྗེ་	རྡོ་རྗེ་	NOUN
འི་	གི་	PART
ཞུན་	ཞུན་	NO_POS
ཐིག་	ཐིག་	NOUN
།		PUNCT
		
འཇམ་མགོན་	འཇམ་མགོན་	OTHER
གཏེར་	གཏེར་	NOUN
བྱོན་	བྱོན་	VERB
རྡོ་རྗེ་	རྡོ་རྗེ་	NOUN
གྲོ་	གྲོ་	NOUN
ལོད་	ལོད་	NO_POS
གསང་བ་	གསང་བ་	VERB
ཧཱུྃ་		NON_WORD
གི་	གི་	PART
སྒྲུབ་པ་	སྒྲུབ་པ་	VERB
འི་	གི་	PART
བསྙེན་སྒྲུབ་	བསྙེན་སྒྲུབ་	NOUN
ཟིན་ཐུན་	ཟིན་ཐུན་	OTHER
གྱི་	གི་	PART
རྩ་	རྩ་	NUM
ཐོ་	ཐོ་	NOUN
ཉུང་	ཉུང་	VERB
གསལ་	གསལ་	VERB
དུ་	ལ་	PART
བཀོད་པ་	བཀོད་པ་	VERB
རྡོ་རྗེ་	རྡོ་རྗེ་	NOUN
འི་	གི་	PART
སྣང་བ་	སྣང་བ་	VERB
སྦྱིན་པ་	སྦྱིན་པ་	VERB
འི་	གི་	PART
ཉིན་བྱེད་	ཉིན་བྱེད་	NOUN
།		PUNCT
		
སྤྲུལ་པ་	སྤྲུལ་པ་	VERB
འི་	གི་	PART
གཏེར་ཆེན་	གཏེར་ཆེན་	OTHER
རྡོ་རྗེ་	རྡོ་རྗེ་	NOUN
གླིང་པ་	གླིང་པ་	NOUN
འི་	གི་	PART
ཟབ་	ཟབ་	VERB
ཆོ་	ཆོ་	NOUN
རྫོགས་པ་	རྫོགས་པ་	VERB
ཆེན་པོ་	ཆེན་པོ་	ADJ
ཧཱུྃ་		NON_WORD
སྐོར་	སྐོར་	NOUN
སྙིང་ཐིག་	སྙིང་ཐིག་	NOUN
གི་	གི་	PART
ཐུན་མོང་	ཐུན་མོང་	ADJ
སྤྱི་	སྤྱི་	DET
འི་	གི་	PART
སྔོན་འགྲོ་	སྔོན་འགྲོ་	NOUN
འི་	གི་	PART
ངག་འདོན་	ངག་འདོན་	OTHER
ཀུན་	ཀུན་	DET
ཏུ་	ལ་	PART
བཟང་པོ་	བཟང་པོ་	ADJ
འི་	གི་	PART
འཇུག་ངོགས་	འཇུག་ངོགས་	NOUN
།		PUNCT
		
རྡོ་		
སེམས་	སེམས་	NOUN
སྔོན་འགྲོ་	སྔོན་འགྲོ་	NOUN
།		PUNCT
		
དཔལ་	དཔལ་	OTHER
བཀའ་	བཀའ་	NOUN
འདུ་	འདུ་	VERB
ཀྱི་	གི་	PART
ཕྲིན་ལས་	ཕྲིན་ལས་	NOUN
ནར་མ་	ནར་མ་	ADJ
རིན་ཆེན་	རིན་ཆེན་	OTHER
སྙིང་པོ་	སྙིང་པོ་	NOUN
འི་	གི་	PART
ཟུར་འདེབས་	ཟུར་འདེབས་	NO_POS
རིན་ཆེན་	རིན་ཆེན་	OTHER
ཕྲ་ཚོམ་	ཕྲ་ཚོམ་	OTHER
།		PUNCT
		
མཆོག་	མཆོག་	ADJ
གླིང་	གླིང་	NOUN
སྙན་བརྒྱུད་	སྙན་བརྒྱུད་	NOUN
ཨ་	ཨ་	X
ཏི་	ཏི་	NO_POS
ཟབ་	ཟབ་	VERB
དོན་སྙིང་	དོན་སྙིང་	NOUN
ཏིག་	ཏིག་	NO_POS
གི་གུ་	གི་གུ་	NO_POS
ར་	ལ་	PART
དྲག་	དྲག་	VERB
ཡེ་ཤེས་	ཡེ་ཤེས་	NOUN
ཟིལ་གནོན་	ཟིལ་གནོན་	NOUN
གྱི་	གི་	PART
སྨིན་གྲོལ་	སྨིན་གྲོལ་	NOUN
ལག་ལེན་	ལག་ལེན་	NOUN
མཚམས་	མཚམས་	NOUN
སྦྱོར་	སྦྱོར་	VERB
ཡེ་ཤེས་	ཡེ་ཤེས་	NOUN
སྙིང་པོ་	སྙིང་པོ་	NOUN
འི་	གི་	PART
རྒྱན་	རྒྱན་	NOUN
།		PUNCT
		
དཔལ་	དཔལ་	OTHER
བཀའ་	བཀའ་	NOUN
འདུ་	འདུ་	VERB
ཀྱི་	གི་	PART
ཆ་ལག་	ཆ་ལག་	NOUN
རྣལ་འབྱོར་	རྣལ་འབྱོར་	NOUN
རྒྱུན་	རྒྱུན་	NOUN
གྱི་	གི་	PART
ལ་	ལ་	ADP
ས་	གིས་	PART
སྦྱོར་	སྦྱོར་	VERB
ལ་	ལ་	ADP
ས་	གིས་	PART
།		PUNCT
རིམ་པ་	རིམ་པ་	NOUN
གཉིས་པ་	གཉིས་པ་	NUM
མཆོག་	མཆོག་	ADJ
གི་	གི་	PART
དངོས་གྲུབ་	དངོས་གྲུབ་	NOUN
བསྒྲུབ་པ་	བསྒྲུབ་པ་	VERB
བདུད་རྩི་	བདུད་རྩི་	NOUN
སྨན་	སྨན་	NOUN
གྱི་	གི་	PART
ལག་ལེན་	ལག་ལེན་	NOUN
ངག་འདོན་	ངག་འདོན་	OTHER
ཁྲིགས་	ཁྲིགས་	VERB
སུ་	ལ་	PART
བསྡེབས་པ་	བསྡེབས་པ་	VERB
།		PUNCT
		
དཔལ་	དཔལ་	OTHER
བཀའ་	བཀའ་	NOUN
འདུ་	འདུ་	VERB
ཀྱི་	གི་	PART
ཚོགས་སྒྲུབ་	ཚོགས་སྒྲུབ་	NOUN
སྨན་	སྨན་	NOUN
སྒྲུབ་	སྒྲུབ་	VERB
སྦྲེལ་མ་	སྦྲེལ་མ་	NO_POS
འི་	གི་	PART
སྐབས་	སྐབས་	NOUN
ཉེ་	ཉེ་	NUM
མཁོ་	མཁོ་	NO_POS
འི་	གི་	PART
གཏོང་	གཏོང་	VERB
ཐུན་	ཐུན་	NOUN
རྣམས་	རྣམས་	DET
ཕྱོགས་	ཕྱོགས་	NOUN
གཅིག་	གཅིག་	NUM
ཏུ་	ལ་	PART
བཀོད་པ་	བཀོད་པ་	VERB
རིན་ཆེན་	རིན་ཆེན་	OTHER
ལྷ་	ལྷ་	NOUN
འི་	གི་	PART
སིལ་སྙན་	སིལ་སྙན་	NOUN
།		PUNCT
		
དཔལ་	དཔལ་	OTHER
བཀའ་	བཀའ་	NOUN
འདུ་	འདུ་	VERB
ཀྱི་	གི་	PART
ཆ་ལག་	ཆ་ལག་	NOUN
རྣལ་འབྱོར་	རྣལ་འབྱོར་	NOUN
རྒྱུན་	རྒྱུན་	NOUN
གྱི་	གི་	PART
ལ་	ལ་	ADP
ས་	གིས་	PART
སྦྱོར་	སྦྱོར་	VERB
ལ་	ལ་	ADP
ས་	གིས་	PART
།		PUNCT
རིམ་པ་	རིམ་པ་	NOUN
གསུམ་པ་	གསུམ་པ་	NUM
ཕྲིན་ལས་	ཕྲིན་ལས་	NOUN
མྱུར་	མྱུར་	VERB
དུ་	ལ་	PART
འགྲུབ་	འགྲུབ་	VERB
བྱེད་ལས་	བྱེད་ལས་	NOUN
བཞི་	བཞི་	NUM
མེ་	མེ་	NOUN
མཆོད་	མཆོད་	VERB
ཀྱི་	གི་	PART
ལག་ལེན་	ལག་ལེན་	NOUN
ངག་འདོན་	ངག་འདོན་	OTHER
ཁྲིགས་	ཁྲིགས་	VERB
སུ་	ལ་	PART
བསྡེབས་པ་	བསྡེབས་པ་	VERB
།		PUNCT
		
བཀའ་	བཀའ་	NOUN
འདུ་	འདུ་	VERB
སྨན་	སྨན་	NOUN
སྒྲུབ་གཏོར་	སྒྲུབ་གཏོར་	NO_POS
བཟློག་	བཟློག་	VERB
བཅའ་	བཅའ་	VERB
ཀྱི་	གི་	PART
ཟིན་ཐོ་	ཟིན་ཐོ་	OTHER
།		PUNCT
		
མཆོག་	མཆོག་	ADJ
གླིང་	གླིང་	NOUN
ཟབ་	ཟབ་	VERB
བདུན་	བདུན་	NUM
རྒྱུད་	རྒྱུད་	NOUN
ཟབ་	ཟབ་	VERB
སྒྱུ་འཕྲུལ་	སྒྱུ་འཕྲུལ་	PROPN
ལ་	ལ་	ADP
ས་	གིས་	PART
།		PUNCT
རྒྱ་ཆེ་བ་	རྒྱ་ཆེ་བ་	NO_POS
ལྕགས་	ལྕགས་	NOUN
བྱང་མ་	བྱང་མ་	NO_POS
འི་	གི་	PART
ཆོས་སྡེ་	ཆོས་སྡེ་	NOUN
འི་	གི་	PART
ཞི་བ་	ཞི་བ་	VERB
རྡོ་རྗེ་	རྡོ་རྗེ་	NOUN
དབྱིངས་	དབྱིངས་	NOUN
ཀྱི་	གི་	PART
དཀྱིལ་འཁོར་	དཀྱིལ་འཁོར་	NOUN
བསྒྲུབ་	བསྒྲུབ་	VERB
ཅིང་	ཅིང་	PART
དབང་	དབང་	NOUN
བསྐུར་བ་	བསྐུར་བ་	VERB
འི་	གི་	PART
ཆོ་ག་	ཆོ་ག་	NOUN
དངོས་གྲུབ་	དངོས་གྲུབ་	NOUN
རྒྱ་མཚོ་	རྒྱ་མཚོ་	NOUN
འདྲེན་བྱེད་	འདྲེན་བྱེད་	OTHER
ཟླ་བ་	ཟླ་བ་	NOUN
འི་	གི་	PART
ཤིང་རྟ་	ཤིང་རྟ་	NOUN
།		PUNCT
		
མཆོག་	མཆོག་	ADJ
གླིང་	གླིང་	NOUN
ཟབ་	ཟབ་	VERB
བདུན་	བདུན་	NUM
རྒྱུད་	རྒྱུད་	NOUN
ཟབ་	ཟབ་	VERB
སྒྱུ་འཕྲུལ་	སྒྱུ་འཕྲུལ་	PROPN
ལ་	ལ་	ADP
ས་	གིས་	PART
།		PUNCT
རྒྱ་ཆེ་བ་	རྒྱ་ཆེ་བ་	NO_POS
ལྕགས་	ལྕགས་	NOUN
བྱང་མ་	བྱང་མ་	NO_POS
འི་	གི་	PART
ཆོས་སྡེ་	ཆོས་སྡེ་	NOUN
འི་	གི་	PART
ཁྲོ་བོ་	ཁྲོ་བོ་	NOUN
དམ་	གམ་	PART
བརྒྱན་	བརྒྱན་	VERB
གྱི་	གི་	PART
དཀྱིལ་འཁོར་	དཀྱིལ་འཁོར་	NOUN
བསྒྲུབ་	བསྒྲུབ་	VERB
ཅིང་	ཅིང་	PART
དབང་	དབང་	NOUN
བསྐུར་བ་	བསྐུར་བ་	VERB
འི་	གི་	PART
ཆོ་ག་	ཆོ་ག་	NOUN
དངོས་གྲུབ་	དངོས་གྲུབ་	NOUN
རྒྱ་མཚོ་	རྒྱ་མཚོ་	NOUN
གསལ་བྱེད་	གསལ་བྱེད་	NOUN
ཉི་མ་	ཉི་མ་	NOUN
འི་	གི་	PART
སྣང་བ་	སྣང་བ་	VERB
།		PUNCT
		
མཆོག་	མཆོག་	ADJ
གླིང་	གླིང་	NOUN
དམ་ཆོས་	དམ་ཆོས་	NOUN
ཤོག་	ཤོག་	VERB
སྡེ་	སྡེ་	NOUN
དྲུག་པ་	དྲུག་པ་	NUM
ལ་	ལ་	ADP
ས་	གིས་	PART
།		PUNCT
རྡོ་		
སེམས་	སེམས་	NOUN
ཐུགས་	ཐུགས་	NOUN
ཀྱི་	གི་	PART
སྙིང་པོ་	སྙིང་པོ་	NOUN
འི་	གི་	PART
དབང་	དབང་	NOUN
བཞི་	བཞི་	NUM
གཏེར་	གཏེར་	NOUN
གཞུང་ལུགས་	གཞུང་ལུགས་	NOUN
སུ་	ལ་	PART
བསྐུར་བ་	བསྐུར་བ་	VERB
འི་	གི་	PART
མཚམས་	མཚམས་	NOUN
སྦྱོར་	སྦྱོར་	VERB
འོད་གསལ་	འོད་གསལ་	NOUN
མཁའ་ཁྱབ་	མཁའ་ཁྱབ་	NOUN
།		PUNCT
		
སྤ་	སྤ་	NOUN
བྱང་	བྱང་	NOUN
སྨོན་ཚིག་	སྨོན་ཚིག་	OTHER
། ༈		PUNCT
རྒྱལ་དབང་	རྒྱལ་དབང་	NOUN
མཁའ་ཁྱབ་	མཁའ་ཁྱབ་	NOUN
རྡོ་རྗེ་	རྡོ་རྗེ་	NOUN
འི་	གི་	PART
བཀའ་འབུམ་	བཀའ་འབུམ་	NOUN
།		PUNCT
གླེགས་བམ་	གླེགས་བམ་	NOUN
ག་པ་	ག་པ་	PRON
།		PUNCT
		
འཇའ་ཚོན་	འཇའ་ཚོན་	NOUN
ཞི་	ཞི་	VERB
ཁྲོ་	ཁྲོ་	VERB
ངེས་དོན་	ངེས་དོན་	NOUN
སྙིང་པོ་	སྙིང་པོ་	NOUN
འི་	གི་	PART
དབང་	དབང་	NOUN
བསྐུར་	བསྐུར་	NO_POS
ཆེན་	ཆེན་	NO_POS
མོ་	མོ་	PRON
འི་	གི་	PART
ལག་ལེན་	ལག་ལེན་	NOUN
མཚམས་	མཚམས་	NOUN
སྦྱོར་	སྦྱོར་	VERB
ཉུང་ངུ་	ཉུང་ངུ་	ADJ
བཀླག་	བཀླག་	VERB
ཆོག་	ཆོག་	VERB
ཏུ་	ལ་	PART
བཀོད་པ་	བཀོད་པ་	VERB
ངེས་དོན་	ངེས་དོན་	NOUN
སྙིང་པོ་	སྙིང་པོ་	NOUN
ར་	ལ་	PART
འཇུག་པ་	འཇུག་པ་	VERB
འི་	གི་	PART
ལམ་བཟང་	ལམ་བཟང་	OTHER
།		PUNCT
		
མཆོག་	མཆོག་	ADJ
གླིང་	གླིང་	NOUN
ཟབ་	ཟབ་	VERB
བདུན་	བདུན་	NUM
རྒྱུད་	རྒྱུད་	NOUN
ཟབ་	ཟབ་	VERB
སྒྱུ་འཕྲུལ་	སྒྱུ་འཕྲུལ་	PROPN
ལ་	ལ་	ADP
ས་	གིས་	PART
།		PUNCT
རྒྱ་ཆེ་བ་	རྒྱ་ཆེ་བ་	NO_POS
ལྕགས་	ལྕགས་	NOUN
བྱང་མ་	བྱང་མ་	NO_POS
འི་	གི་	PART
ཆོས་སྡེ་	ཆོས་སྡེ་	NOUN
ཞི་	ཞི་	VERB
ཁྲོ་	ཁྲོ་	VERB
ཡོངས་	ཡོངས་	DET
དྲིལ་	དྲིལ་	VERB
ངན་སོང་	ངན་སོང་	NOUN
དོང་	དོང་	VERB
སྤྲུགས་	སྤྲུགས་	VERB
ཀྱི་	གི་	PART
དཀྱིལ་འཁོར་	དཀྱིལ་འཁོར་	NOUN
བསྒྲུབ་	བསྒྲུབ་	VERB
ཅིང་	ཅིང་	PART
དབང་	དབང་	NOUN
བསྐུར་བ་	བསྐུར་བ་	VERB
འི་	གི་	PART
ཆོ་ག་	ཆོ་ག་	NOUN
རྒྱུད་	རྒྱུད་	NOUN
དོན་	དོན་	NOUN
སྣང་བྱེད་	སྣང་བྱེད་	PROPN
རབ་གསལ་	རབ་གསལ་	PROPN
ཉི་ཟླ་	ཉི་ཟླ་	NOUN
འི་	གི་	PART
སྣང་བ་	སྣང་བ་	VERB
།		PUNCT
		
གུ་རུ་	གུ་རུ་	PROPN
འི་	གི་	PART
ཐུགས་དམ་	ཐུགས་དམ་	NOUN
ཟབ་པ་	ཟབ་པ་	VERB
སྐོར་	སྐོར་	NOUN
བདུན་	བདུན་	NUM
གྱི་	གི་	PART
དྲག་སྔགས་	དྲག་སྔགས་	NOUN
འཇམ་དཔལ་	འཇམ་དཔལ་	PROPN
གཤིན་རྗེ་	གཤིན་རྗེ་	OTHER
གཤེད་	གཤེད་	NOUN
ལྕགས་	ལྕགས་	NOUN
བྱང་མ་	བྱང་མ་	NO_POS
འི་	གི་	PART
གཏོ་	གཏོ་	VERB
བཟློག་	བཟློག་	VERB
གི་	གི་	PART
འདོན་	འདོན་	VERB
ཟིན་	ཟིན་	VERB
།		PUNCT
		
གཤིན་རྗེ་	གཤིན་རྗེ་	OTHER
འི་	གི་	PART
སྲུང་	སྲུང་	VERB
བཟློག་	བཟློག་	VERB
།		PUNCT
		
ཚེ་	ཚེ་	NOUN
གསང་	གསང་	VERB
བརྒྱུད་	བརྒྱུད་	NO_POS
འདེབས་	འདེབས་	VERB
།		PUNCT
		
ཚེ་སྒྲུབ་	ཚེ་སྒྲུབ་	NOUN
གསང་བ་	གསང་བ་	VERB
འདུས་པ་	འདུས་པ་	VERB
ལ་	ལ་	PART
བརྟེན་	བརྟེན་	VERB
ན་	ནས་	PART
ཚོམ་བུ་	ཚོམ་བུ་	OTHER
ཚོགས་སྒྲུབ་	ཚོགས་སྒྲུབ་	NOUN
ལ་	ལ་	PART
འཇུག་པ་	འཇུག་པ་	VERB
འི་	གི་	PART
ཟུར་འདེབས་	ཟུར་འདེབས་	NO_POS
འཆི་མེད་	འཆི་མེད་	NOUN
དངོ་	དངོ་	NOUN
འགྲུབ་	འགྲུབ་	VERB
འབྱུང་བ་	འབྱུང་བ་	VERB
འི་	གི་	PART
ནོར་བུ་	ནོར་བུ་	NOUN
དཔལ་	དཔལ་	OTHER
གྱི་	གི་	PART
སྙིང་པོ་	སྙིང་པོ་	NOUN
།		PUNCT
		
རཏ་		NON_WORD
གླིང་	གླིང་	NOUN
ཚེ་	ཚེ་	NOUN
གསང་	གསང་	VERB
ཡང་གསང་	ཡང་གསང་	OTHER
གུད་	གུད་	VERB
སྦ་	སྦ་	PROPN
ས་	གིས་	PART
ཀྱི་	གི་	PART
ལྷན་ཐབས་	ལྷན་ཐབས་	OTHER
མདོར་བསྡུས་	མདོར་བསྡུས་	OTHER
ཚེ་དབང་	ཚེ་དབང་	PROPN
འདོད་འཇོ་	འདོད་འཇོ་	OTHER
།		PUNCT
		
རཏྣའི་		NON_WORD
ཚེ་སྒྲུབ་	ཚེ་སྒྲུབ་	NOUN
གསང་བ་	གསང་བ་	VERB
འདུས་པ་	འདུས་པ་	VERB
འི་	གི་	PART
ཚོགས་སྒྲུབ་	ཚོགས་སྒྲུབ་	NOUN
ཀྱི་	གི་	PART
གཏོང་	གཏོང་	VERB
ཐུན་	ཐུན་	NOUN
།		PUNCT
		
གཏེར་	གཏེར་	NOUN
གས་	གསའ་	NO_POS
ར་	ལ་	PART
རྡོ་རྗེ་	རྡོ་རྗེ་	NOUN
ཕུར་པ་	ཕུར་པ་	NOUN
ཡང་གསང་	ཡང་གསང་	OTHER
བཅུད་	བཅུད་	NOUN
དྲིལ་	དྲིལ་	VERB
གྱི་	གི་	PART
ཆ་ལག་	ཆ་ལག་	NOUN
ཚེ་སྒྲུབ་	ཚེ་སྒྲུབ་	NOUN
འཆི་མེད་	འཆི་མེད་	NOUN
སྲོག་	སྲོག་	NOUN
ཐིག་	ཐིག་	NOUN
གི་	གི་	PART
ཟུར་འདེབས་	ཟུར་འདེབས་	NO_POS
འཆི་མེད་	འཆི་མེད་	NOUN
ནོར་བུ་	ནོར་བུ་	NOUN
འི་	གི་	PART
ཕྲེང་བ་	ཕྲེང་བ་	NOUN
།		PUNCT
		
གཏེར་	གཏེར་	NOUN
གས་	གསའ་	NO_POS
ར་	ལ་	PART
རྡོ་རྗེ་	རྡོ་རྗེ་	NOUN
ཕུར་པ་	ཕུར་པ་	NOUN
ཡང་གསང་	ཡང་གསང་	OTHER
བཅུད་	བཅུད་	NOUN
དྲིལ་	དྲིལ་	VERB
གྱི་	གི་	PART
ཆ་ལག་	ཆ་ལག་	NOUN
ཚེ་སྒྲུབ་	ཚེ་སྒྲུབ་	NOUN
འཆི་མེད་	འཆི་མེད་	NOUN
སྲོག་	སྲོག་	NOUN
ཐིག་	ཐིག་	NOUN
གི་	གི་	PART
རྩ་བ་	རྩ་བ་	NOUN
འི་	གི་	PART
དབང་	དབང་	NOUN
བསྐུར་	བསྐུར་	NO_POS
རྒྱས་པ་	རྒྱས་པ་	VERB
ར་	ལ་	PART
ཕྱེ་བ་	ཕྱེ་བ་	VERB
འཆི་མེད་	འཆི་མེད་	NOUN
ནོར་བུ་	ནོར་བུ་	NOUN
པདྨ་	པདྨ་	NOUN
འི་	གི་	PART
ཕྲེང་བ་	ཕྲེང་བ་	NOUN
།		PUNCT
		
གཏེར་	གཏེར་	NOUN
གས་	གསའ་	NO_POS
ར་	ལ་	PART
ཕུར་པ་	ཕུར་པ་	NOUN
ཡང་གསང་	ཡང་གསང་	OTHER
བཅུད་	བཅུད་	NOUN
དྲིལ་	དྲིལ་	VERB
གྱི་	གི་	PART
ཆ་ལག་	ཆ་ལག་	NOUN
ཚེ་སྒྲུབ་	ཚེ་སྒྲུབ་	NOUN
འཆི་མེད་	འཆི་མེད་	NOUN
སྲོག་	སྲོག་	NOUN
ཏིག་	ཏིག་	NO_POS
གི་	གི་	PART
དབང་	དབང་	NOUN
གི་	གི་	PART
མཚམས་	མཚམས་	NOUN
སྦྱོར་	སྦྱོར་	VERB
ཉུང་ངུ་	ཉུང་ངུ་	ADJ
ར་	ལ་	PART
སྤྲོས་པ་	སྤྲོས་པ་	VERB
འཆི་མེད་	འཆི་མེད་	NOUN
ནོར་བུ་	ནོར་བུ་	NOUN
འི་	གི་	PART
བུམ་	བུམ་	NOUN
བཟང་	བཟང་	VERB
།		PUNCT
		
གཏེར་	གཏེར་	NOUN
གས་	གསའ་	NO_POS
ར་	ལ་	PART
ཕུར་པ་	ཕུར་པ་	NOUN
ཡང་གསང་	ཡང་གསང་	OTHER
བཅུད་	བཅུད་	NOUN
དྲིལ་	དྲིལ་	VERB
གྱི་	གི་	PART
ཆ་ལག་	ཆ་ལག་	NOUN
ཚེ་སྒྲུབ་	ཚེ་སྒྲུབ་	NOUN
འཆི་མེད་	འཆི་མེད་	NOUN
སྲོག་	སྲོག་	NOUN
ཏིག་	ཏིག་	NO_POS
གི་	གི་	PART
ཚེ་དབང་	ཚེ་དབང་	PROPN
སྙིང་པོ་	སྙིང་པོ་	NOUN
བསྡུས་པ་	བསྡུས་པ་	VERB
འཆི་མེད་	འཆི་མེད་	NOUN
ཆུ་རྒྱུན་	ཆུ་རྒྱུན་	NOUN
།		PUNCT
		
རྡོ་རྗེ་	རྡོ་རྗེ་	NOUN
ཕུར་པ་	ཕུར་པ་	NOUN
ཡང་གསང་	ཡང་གསང་	OTHER
ཕྲིན་ལས་	ཕྲིན་ལས་	NOUN
བཅུད་	བཅུད་	NOUN
དྲིལ་	དྲིལ་	VERB
ལ་	ལ་	ADP
ས་	གིས་	PART
།		PUNCT
གཏོ་	གཏོ་	VERB
དབང་	དབང་	NOUN
ཡེ་ཤེས་	ཡེ་ཤེས་	NOUN
སྤྱི་	སྤྱི་	DET
བླུག་	བླུག་	VERB
གི་	གི་	PART
མཚམས་	མཚམས་	NOUN
སྦྱོར་	སྦྱོར་	VERB
ཡེ་ཤེས་	ཡེ་ཤེས་	NOUN
བཅུད་	བཅུད་	NOUN
འབེབས་	འབེབས་	VERB
།		PUNCT
		
འཕགས་མཆོག་	འཕགས་མཆོག་	OTHER
སྤྱན་རས་	སྤྱན་རས་	NO_POS
གཟིགས་	གཟིགས་	VERB
ཀྱི་	གི་	PART
བསྒོམ་	བསྒོམ་	VERB
བཟླས་	བཟླས་	NO_POS
འགྲོ་དོན་	འགྲོ་དོན་	NOUN
མཁའ་ཁྱབ་	མཁའ་ཁྱབ་	NOUN
མ་	མ་	PART
འི་	གི་	PART
ཟིན་བྲིས་	ཟིན་བྲིས་	OTHER
ཉུང་	ཉུང་	VERB
བསྡུ་	བསྡུ་	VERB
འགྲོ་དོན་	འགྲོ་དོན་	NOUN
ཆར་རྒྱུན་	ཆར་རྒྱུན་	OTHER
།		PUNCT
		
ཡང་གཏེར་	ཡང་གཏེར་	NO_POS
ཐུགས་རྗེ་	ཐུགས་རྗེ་	NOUN
ཆེན་པོ་	ཆེན་པོ་	ADJ
འི་	གི་	PART
པདྨ་	པདྨ་	NOUN
ཞི་	ཞི་	VERB
ཁྲོ་	ཁྲོ་	VERB
འི་	གི་	PART
རྒྱུན་	རྒྱུན་	NOUN
གྱི་	གི་	PART
རྣལ་འབྱོར་	རྣལ་འབྱོར་	NOUN
པདྨ་	པདྨ་	NOUN
སྣང་བ་	སྣང་བ་	VERB
འི་	གི་	PART
རྒྱན་	རྒྱན་	NOUN
།		PUNCT
		
མཆོག་	མཆོག་	ADJ
གླིང་	གླིང་	NOUN
ཐུགས་རྗེ་	ཐུགས་རྗེ་	NOUN
ཆེན་པོ་	ཆེན་པོ་	ADJ
པདྨ་	པདྨ་	NOUN
ག་	ག་	NOUN
དབང་	དབང་	NOUN
སྒྱུ་འཕྲུལ་	སྒྱུ་འཕྲུལ་	PROPN
དྲྭ་བ་	དྲྭ་བ་	NON_WORD
འི་	གི་	PART
རྒྱུད་པ་	རྒྱུད་པ་	NOUN
འི་	གི་	PART
གསོལ་འདེབས་	གསོལ་འདེབས་	NOUN
།		PUNCT
		
ཐུགས་རྗེ་	ཐུགས་རྗེ་	NOUN
ཆེན་པོ་	ཆེན་པོ་	ADJ
སྤྱན་རས་	སྤྱན་རས་	NO_POS
གཟིགས་	གཟིགས་	VERB
པདྨ་	པདྨ་	NOUN
ག་	ག་	NOUN
དབང་	དབང་	NOUN
སྒྱུ་འཕྲུལ་	སྒྱུ་འཕྲུལ་	PROPN
དྲྭ་བ་	དྲྭ་བ་	NON_WORD
འི་	གི་	PART
ཕྱི་	ཕྱི་	NOUN
སྒྲུབ་	སྒྲུབ་	VERB
བསྙེན་པ་	བསྙེན་པ་	VERB
འི་	གི་	PART
བྱང་བུ་	བྱང་བུ་	OTHER
པདྨ་	པདྨ་	NOUN
འི་	གི་	PART
སྨྱུ་གུ་	སྨྱུ་གུ་	NOUN
།		PUNCT
		
ཐུགས་རྗེ་	ཐུགས་རྗེ་	NOUN
ཆེན་པོ་	ཆེན་པོ་	ADJ
སྤྱན་རས་	སྤྱན་རས་	NO_POS
གཟིགས་	གཟིགས་	VERB
པདྨ་	པདྨ་	NOUN
ག་	ག་	NOUN
དབང་	དབང་	NOUN
སྒྱུ་འཕྲུལ་	སྒྱུ་འཕྲུལ་	PROPN
དྲྭ་བ་	དྲྭ་བ་	NON_WORD
འི་	གི་	PART
ཕྱི་	ཕྱི་	NOUN
སྒྲུབ་	སྒྲུབ་	VERB
ཀྱི་	གི་	PART
ཉེ་	ཉེ་	VERB
བསྙེན་	བསྙེན་	VERB
གྱི་	གི་	PART
ལས་བྱང་	ལས་བྱང་	OTHER
ཁྲིགས་	ཁྲིགས་	VERB
སུ་	ལ་	PART
བསྡེབས་པ་	བསྡེབས་པ་	VERB
རྒྱལ་བ་	རྒྱལ་བ་	NOUN
འི་	གི་	PART
སྲ་	སྲ་	NOUN
ཀྱི་	གི་	PART
འཇུག་ངོགས་	འཇུག་ངོགས་	NOUN
པདྨ་	པདྨ་	NOUN
འི་	གི་	PART
ལྕུགས་	ལྕུགས་	NO_POS
མ་	མ་	PART
།		PUNCT
		
ཐུགས་རྗེ་	ཐུགས་རྗེ་	NOUN
ཆེན་པོ་	ཆེན་པོ་	ADJ
སྤྱན་རས་	སྤྱན་རས་	NO_POS
གཟིགས་	གཟིགས་	VERB
པདྨ་	པདྨ་	NOUN
ག་	ག་	NOUN
དབང་	དབང་	NOUN
སྒྱུ་འཕྲུལ་	སྒྱུ་འཕྲུལ་	PROPN
དྲྭ་བ་	དྲྭ་བ་	NON_WORD
འི་	གི་	PART
ནང་	ནང་	NOUN
སྒྲུབ་	སྒྲུབ་	VERB
ཀྱི་	གི་	PART
ལས་བྱང་	ལས་བྱང་	OTHER
བལྟ་	བལྟ་	VERB
ཆོག་	ཆོག་	VERB
ཏུ་	ལ་	PART
བཀོད་པ་	བཀོད་པ་	VERB
པདྨ་	པདྨ་	NOUN
འི་	གི་	PART
འདབ་	འདབ་	OTHER
ཕྲེང་	ཕྲེང་	OTHER
།		PUNCT
		
ཐུགས་རྗེ་	ཐུགས་རྗེ་	NOUN
ཆེན་པོ་	ཆེན་པོ་	ADJ
པདྨ་	པདྨ་	NOUN
ག་	ག་	NOUN
དབང་	དབང་	NOUN
སྒྱུ་འཕྲུལ་	སྒྱུ་འཕྲུལ་	PROPN
དྲྭ་བ་	དྲྭ་བ་	NON_WORD
འི་	གི་	PART
གསང་བ་	གསང་བ་	VERB
ཚོགས་སྒྲུབ་	ཚོགས་སྒྲུབ་	NOUN
ཆེན་	ཆེན་	NO_POS
མོ་	མོ་	PRON
འི་	གི་	PART
ལག་ལེན་	ལག་ལེན་	NOUN
ཁྲིགས་	ཁྲིགས་	VERB
སུ་	ལ་	PART
བསྡེབས་པ་	བསྡེབས་པ་	VERB
རྣམ་གྲོལ་	རྣམ་གྲོལ་	NOUN
སྒོ་	སྒོ་	NOUN
ཆེན་	ཆེན་	NO_POS
པདྨ་	པདྨ་	NOUN
འི་	གི་	PART
སྙིང་པོ་	སྙིང་པོ་	NOUN
།		PUNCT
		
མཆོག་	མཆོག་	ADJ
གླིང་	གླིང་	NOUN
ཐུགས་རྗེ་	ཐུགས་རྗེ་	NOUN
ཆེན་པོ་	ཆེན་པོ་	ADJ
པདྨ་	པདྨ་	NOUN
ག་	ག་	NOUN
དབང་	དབང་	NOUN
སྒྱུ་འཕྲུལ་	སྒྱུ་འཕྲུལ་	PROPN
དྲྭ་བ་	དྲྭ་བ་	NON_WORD
འི་	གི་	PART
ཕྱི་	ཕྱི་	NOUN
ནང་	ནང་	NOUN
གསང་	གསང་	VERB
སྒྲུབ་	སྒྲུབ་	VERB
དང་	དང་	NO_POS
འབྲེལ་བ་	འབྲེལ་བ་	VERB
འི་	གི་	PART
ཕན་ནུས་	ཕན་ནུས་	OTHER
ཟབ་མོ་	ཟབ་མོ་	ADJ
འི་	གི་	PART
སྨིན་གྲོལ་	སྨིན་གྲོལ་	NOUN
འབོག་པ་	འབོག་པ་	VERB
འི་	གི་	PART
ལག་ལེན་	ལག་ལེན་	NOUN
མཚམས་	མཚམས་	NOUN
སྦྱོར་	སྦྱོར་	VERB
དང་	དང་	NO_POS
བཅས་པ་	བཅས་པ་	VERB
པདྨ་	པདྨ་	NOUN
འི་	གི་	PART
ཕྲེང་བ་	ཕྲེང་བ་	NOUN
།		PUNCT
		
མཆོག་	མཆོག་	ADJ
གླིང་	གླིང་	NOUN
ཐུགས་རྗེ་	ཐུགས་རྗེ་	NOUN
ཆེན་པོ་	ཆེན་པོ་	ADJ
པདྨ་	པདྨ་	NOUN
ག་	ག་	NOUN
དབང་	དབང་	NOUN
སྒྱུ་འཕྲུལ་	སྒྱུ་འཕྲུལ་	PROPN
དྲྭ་བ་	དྲྭ་བ་	NON_WORD
འི་	གི་	PART
ལས་ཚོགས་	ལས་ཚོགས་	NOUN
རྒུད་པ་	རྒུད་པ་	VERB
རྗེས་འཛིན་	རྗེས་འཛིན་	NOUN
གྱི་	གི་	PART
ནང་ཚན་	ནང་ཚན་	OTHER
།		PUNCT
ཚེ་	ཚེ་	NOUN
ཉམས་རྒུད་པ་	ཉམས་རྒུད་པ་	NO_POS
གསོ་བ་	གསོ་བ་	VERB
འི་	གི་	PART
ཕྲིན་	ཕྲིན་	NOUN
དབང་	དབང་	NOUN
གི་	གི་	PART
མཚམས་	མཚམས་	NOUN
སྦྱོར་	སྦྱོར་	VERB
པདྨ་	པདྨ་	NOUN
འི་	གི་	PART
ཟིལ་མངར་	ཟིལ་མངར་	OTHER
།		PUNCT
		
ཐུགས་རྗེ་	ཐུགས་རྗེ་	NOUN
ཆེན་པོ་	ཆེན་པོ་	ADJ
པདྨ་	པདྨ་	NOUN
ག་	ག་	NOUN
དབང་	དབང་	NOUN
སྒྱུ་འཕྲུལ་	སྒྱུ་འཕྲུལ་	PROPN
དྲྭ་བ་	དྲྭ་བ་	NON_WORD
འི་	གི་	PART
ཞི་བ་	ཞི་བ་	VERB
འི་	གི་	PART
སྦྱིན་སྲེག་	སྦྱིན་སྲེག་	NOUN
བཀླག་	བཀླག་	VERB
ཆོག་	ཆོག་	VERB
ཏུ་	ལ་	PART
བཀོད་པ་	བཀོད་པ་	VERB
པདྨ་	པདྨ་	NOUN
འི་	གི་	PART
འཛུམ་	འཛུམ་	NO_POS
ཕྲེང་	ཕྲེང་	OTHER
།		PUNCT
		
ཐུགས་རྗེ་	ཐུགས་རྗེ་	NOUN
ཆེན་པོ་	ཆེན་པོ་	ADJ
པདྨ་	པདྨ་	NOUN
ག་	ག་	NOUN
དབང་	དབང་	NOUN
སྒྱུ་འཕྲུལ་	སྒྱུ་འཕྲུལ་	PROPN
དྲྭ་བ་	དྲྭ་བ་	NON_WORD
འི་	གི་	PART
རྒྱས་པ་	རྒྱས་པ་	VERB
འི་	གི་	PART
སྦྱིན་སྲེག་	སྦྱིན་སྲེག་	NOUN
བཀླག་	བཀླག་	VERB
ཆོག་	ཆོག་	VERB
ཏུ་	ལ་	PART
བཀོད་པ་	བཀོད་པ་	VERB
པདྨ་	པདྨ་	NOUN
འི་	གི་	PART
དགའ་ཚལ་	དགའ་ཚལ་	OTHER
།		PUNCT
		
ཆོ་	ཆོ་	NOUN
དབང་	དབང་	NOUN
བླ་མ་	བླ་མ་	NOUN
གསང་འདུས་	གསང་འདུས་	PROPN
ཀྱི་	གི་	PART
ཐེམ་	ཐེམ་	NO_POS
མེད་	མེད་	VERB
སྒོམ་	སྒོམ་	VERB
སྒྲུབ་	སྒྲུབ་	VERB
གུ་རུ་	གུ་རུ་	PROPN
སེངྒེ་		NON_WORD
སྒྲ་	སྒྲ་	NOUN
སྒྲོགས་	སྒྲོགས་	VERB
ཕྱག་རྡོར་	ཕྱག་རྡོར་	PROPN
གཏུམ་པོ་	གཏུམ་པོ་	ADJ
མེ་ལྕེ་	མེ་ལྕེ་	OTHER
ཕྲེང་བ་	ཕྲེང་བ་	NOUN
འི་	གི་	PART
ལས་བྱང་	ལས་བྱང་	OTHER
བཀླག་	བཀླག་	VERB
ཆོག་	ཆོག་	VERB
ཏུ་	ལ་	PART
བཀོད་པ་	བཀོད་པ་	VERB
།		PUNCT
		
ཐུགས་རྗེ་	ཐུགས་རྗེ་	NOUN
ཆེན་པོ་	ཆེན་པོ་	ADJ
པདྨ་	པདྨ་	NOUN
ག་	ག་	NOUN
དབང་	དབང་	NOUN
སྒྱུ་འཕྲུལ་	སྒྱུ་འཕྲུལ་	PROPN
དྲྭ་བ་	དྲྭ་བ་	NON_WORD
འི་	གི་	PART
དབང་	དབང་	NOUN
གི་	གི་	PART
སྦྱིན་སྲེག་	སྦྱིན་སྲེག་	NOUN
བཀླག་	བཀླག་	VERB
ཆོག་	ཆོག་	VERB
ཏུ་	ལ་	PART
བཀོད་པ་	བཀོད་པ་	VERB
པདྨ་	པདྨ་	NOUN
འི་	གི་	PART
ལྕགས་ཀྱུ་	ལྕགས་ཀྱུ་	NOUN
།		PUNCT
		
ཐུགས་རྗེ་	ཐུགས་རྗེ་	NOUN
ཆེན་པོ་	ཆེན་པོ་	ADJ
པདྨ་	པདྨ་	NOUN
ག་	ག་	NOUN
དབང་	དབང་	NOUN
སྒྱུ་འཕྲུལ་	སྒྱུ་འཕྲུལ་	PROPN
དྲྭ་བ་	དྲྭ་བ་	NON_WORD
འི་	གི་	PART
དྲག་པོ་	དྲག་པོ་	ADJ
འི་	གི་	PART
སྦྱིན་སྲེག་	སྦྱིན་སྲེག་	NOUN
བཀླག་	བཀླག་	VERB
ཆོག་	ཆོག་	VERB
ཏུ་	ལ་	PART
བཀོད་པ་	བཀོད་པ་	VERB
པདྨ་	པདྨ་	NOUN
འི་	གི་	PART
འོད་	འོད་	NOUN
རྣོན་	རྣོན་	NO_POS
།		PUNCT
		
ཉང་	ཉང་	OTHER
གཏེར་	གཏེར་	NOUN
རྟ་མགྲིན་	རྟ་མགྲིན་	PROPN
ཡང་	ཀྱང་	PART
ཕྱུང་	ཕྱུང་	VERB
ནག་པོ་	ནག་པོ་	ADJ
འི་	གི་	PART
རྒྱུན་	རྒྱུན་	NOUN
ཁྱེ་	ཁྱེ་	VERB
གནམ་ལྕགས་	གནམ་ལྕགས་	NOUN
འབར་བ་	འབར་བ་	VERB
འི་	གི་	PART
ཞུན་	ཞུན་	NO_POS
ཐིག་	ཐིག་	NOUN
།		PUNCT
		
སྤ་	སྤ་	NOUN
བྱང་	བྱང་	NOUN
སྨོན་ཚིག་	སྨོན་ཚིག་	OTHER
། ༈		PUNCT
རྒྱལ་དབང་	རྒྱལ་དབང་	NOUN
མཁའ་ཁྱབ་	མཁའ་ཁྱབ་	NOUN
རྡོ་རྗེ་	རྡོ་རྗེ་	NOUN
འི་	གི་	PART
བཀའ་འབུམ་	བཀའ་འབུམ་	NOUN
།		PUNCT
གླེགས་བམ་	གླེགས་བམ་	NOUN
ང་པ་	ང་པ་	PRON
།		PUNCT
		
རིན་ཆེན་	རིན་ཆེན་	OTHER
གཏེར་མཛོད་	གཏེར་མཛོད་	NOUN
ཆེན་	ཆེན་	NO_POS
མོ་	མོ་	PRON
འི་	གི་	PART
སྨིན་གྲོལ་	སྨིན་གྲོལ་	NOUN
འབོག་པ་	འབོག་པ་	VERB
འི་	གི་	PART
སྐབས་	སྐབས་	NOUN
ཀྱི་	གི་	PART
ཕྱག་ལེན་	ཕྱག་ལེན་	NOUN
ཉེ་	ཉེ་	NUM
མཁོ་	མཁོ་	NO_POS
འི་	གི་	PART
ཟུར་འདེབས་	ཟུར་འདེབས་	NO_POS
མཚམས་	མཚམས་	NOUN
སྦྱོར་	སྦྱོར་	VERB
རིགས་	རིགས་	NOUN
བཅའ་	བཅའ་	VERB
ཉུང་	ཉུང་	VERB
གསལ་	གསལ་	VERB
དུ་	ལ་	PART
བཀོད་པ་	བཀོད་པ་	VERB
འདོད་རྒུ་	འདོད་རྒུ་	OTHER
འཇོ་བ་	འཇོ་བ་	OTHER
འི་	གི་	PART
གཏེར་	གཏེར་	NOUN
བུམ་	བུམ་	NOUN
།		PUNCT
		
སྤ་	སྤ་	NOUN
བྱང་	བྱང་	NOUN
སྨོན་ཚིག་	སྨོན་ཚིག་	OTHER
། ༈		PUNCT
རྒྱལ་དབང་	རྒྱལ་དབང་	NOUN
མཁའ་ཁྱབ་	མཁའ་ཁྱབ་	NOUN
རྡོ་རྗེ་	རྡོ་རྗེ་	NOUN
འི་	གི་	PART
བཀའ་འབུམ་	བཀའ་འབུམ་	NOUN
།		PUNCT
གླེགས་བམ་	གླེགས་བམ་	NOUN
ཅ་པ་	ཅ་པ་	OTHER
།		PUNCT
		
རིན་ཆེན་	རིན་ཆེན་	OTHER
གཏེར་མཛོད་	གཏེར་མཛོད་	NOUN
ཆེན་	ཆེན་	NO_POS
མོ་	མོ་	PRON
འི་	གི་	PART
སྨིན་གྲོལ་	སྨིན་གྲོལ་	NOUN
འབོག་པ་	འབོག་པ་	VERB
འི་	གི་	PART
སྐབས་	སྐབས་	NOUN
ཀྱི་	གི་	PART
ཕྱག་ལེན་	ཕྱག་ལེན་	NOUN
ཉེ་	ཉེ་	NUM
མཁོ་	མཁོ་	NO_POS
འི་	གི་	PART
ཟུར་འདེབས་	ཟུར་འདེབས་	NO_POS
མཚམས་	མཚམས་	NOUN
སྦྱོར་	སྦྱོར་	VERB
རིགས་	རིགས་	NOUN
བཅའ་	བཅའ་	VERB
ཉུང་	ཉུང་	VERB
གསལ་	གསལ་	VERB
དུ་	ལ་	PART
བཀོད་པ་	བཀོད་པ་	VERB
འདོད་རྒུ་	འདོད་རྒུ་	OTHER
འཇོ་བ་	འཇོ་བ་	OTHER
འི་	གི་	PART
གཏེར་	གཏེར་	NOUN
བུམ་	བུམ་	NOUN
པོད་	པོད་	NOUN
གཉིས་པ་	གཉིས་པ་	NUM
།		PUNCT
		
སྤ་	སྤ་	NOUN
བྱང་	བྱང་	NOUN
སྨོན་ཚིག་	སྨོན་ཚིག་	OTHER
། ༈		PUNCT
རྒྱལ་དབང་	རྒྱལ་དབང་	NOUN
མཁའ་ཁྱབ་	མཁའ་ཁྱབ་	NOUN
རྡོ་རྗེ་	རྡོ་རྗེ་	NOUN
འི་	གི་	PART
བཀའ་འབུམ་	བཀའ་འབུམ་	NOUN
།		PUNCT
གླེགས་བམ་	གླེགས་བམ་	NOUN
ཆ་པ་	ཆ་པ་	NOUN
།		PUNCT
		
རིན་ཆེན་	རིན་ཆེན་	OTHER
གཏེར་མཛོད་	གཏེར་མཛོད་	NOUN
ཆེན་	ཆེན་	NO_POS
མོ་	མོ་	PRON
འི་	གི་	PART
སྨིན་གྲོལ་	སྨིན་གྲོལ་	NOUN
འབོག་པ་	འབོག་པ་	VERB
འི་	གི་	PART
སྐབས་	སྐབས་	NOUN
ཀྱི་	གི་	PART
ཕྱག་ལེན་	ཕྱག་ལེན་	NOUN
ཉེ་	ཉེ་	NUM
མཁོ་	མཁོ་	NO_POS
འི་	གི་	PART
ཟུར་འདེབས་	ཟུར་འདེབས་	NO_POS
མཚམས་	མཚམས་	NOUN
སྦྱོར་	སྦྱོར་	VERB
རིགས་	རིགས་	NOUN
བཅའ་	བཅའ་	VERB
ཉུང་	ཉུང་	VERB
གསལ་	གསལ་	VERB
དུ་	ལ་	PART
བཀོད་པ་	བཀོད་པ་	VERB
འདོད་རྒུ་	འདོད་རྒུ་	OTHER
འཇོ་བ་	འཇོ་བ་	OTHER
འི་	གི་	PART
གཏེར་	གཏེར་	NOUN
བུམ་	བུམ་	NOUN
གྱི་	གི་	PART
མཐའ་རྟེན་	མཐའ་རྟེན་	NO_POS
།		PUNCT
		
ཆོ་	ཆོ་	NOUN
གླིང་	གླིང་	NOUN
གཏུམ་པོ་	གཏུམ་པོ་	ADJ
སེ་	སེ་	NO_POS
ར་	ལ་	PART
སྦྲོགས་	སྦྲོགས་	NO_POS
ཀྱི་	གི་	PART
བྱབ་	བྱབ་	NO_POS
ཁྲུ་	ཁྲུ་	NOUN
གདོན་	གདོན་	NOUN
བཀྲོལ་	བཀྲོལ་	VERB
གྱི་	གི་	PART
མཚམས་	མཚམས་	NOUN
སྦྱོར་	སྦྱོར་	VERB
ཡེ་ཤེས་	ཡེ་ཤེས་	NOUN
རྡོ་རྗེ་	རྡོ་རྗེ་	NOUN
འི་	གི་	PART
ཆུ་རྒྱུན་	ཆུ་རྒྱུན་	NOUN
།		PUNCT
		
སྙན་བརྒྱུད་	སྙན་བརྒྱུད་	NOUN
ཕྲིན་ལས་	ཕྲིན་ལས་	NOUN
ཕུར་པ་	ཕུར་པ་	NOUN
འི་	གི་	PART
གནད་	གནད་	NOUN
ཏིག་	ཏིག་	NO_POS
གི་	གི་	PART
སྨད་	སྨད་	NOUN
ལ་	ལ་	ADP
ས་	གིས་	PART
དྲག་པོ་	དྲག་པོ་	ADJ
འི་	གི་	PART
སྲུང་	སྲུང་	VERB
བཟློག་	བཟློག་	VERB
གསད་པ་	གསད་པ་	VERB
འི་	གི་	PART
ལས་རིམ་	ལས་རིམ་	OTHER
ཁྱེ་	ཁྱེ་	VERB
བདེ་	བདེ་	VERB
ར་	ལ་	PART
བཀོད་པ་	བཀོད་པ་	VERB
སྲིད་པ་	སྲིད་པ་	VERB
ཐལ་	ཐལ་	VERB
འབྱིན་	འབྱིན་	VERB
རྡོ་རྗེ་	རྡོ་རྗེ་	NOUN
འི་	གི་	PART
ཚོན་	ཚོན་	NOUN
ཆ་	ཆ་	NOUN
།		PUNCT
		
སྙན་བརྒྱུད་	སྙན་བརྒྱུད་	NOUN
ཕུར་པ་	ཕུར་པ་	NOUN
འི་	གི་	PART
གདབ་	གདབ་	NO_POS
ཁ་	ཁ་	PRON
ལ་ཉེ་	ལ་ཉེ་	NO_POS
བ་	བ་	NOUN
མཁོ་བ་	མཁོ་བ་	VERB
འི་	གི་	PART
ཟུར་འདེབས་	ཟུར་འདེབས་	NO_POS
ཅུང་ཟད་	ཅུང་ཟད་	ADV
བཀོད་པ་	བཀོད་པ་	VERB
།		PUNCT
		
བླ་མ་	བླ་མ་	NOUN
འི་	གི་	PART
ཐུགས་	ཐུགས་	NOUN
སྒྲུབ་	སྒྲུབ་	VERB
རྣམ་པ་	རྣམ་པ་	NOUN
གཉིས་	གཉིས་	NUM
དང་	དང་	NO_POS
ཕུར་པ་	ཕུར་པ་	NOUN
སྤྱི་ཁྱབ་	སྤྱི་ཁྱབ་	OTHER
ཀྱི་	གི་	PART
ཚོགས་སྒྲུབ་	ཚོགས་སྒྲུབ་	NOUN
སྐབས་	སྐབས་	NOUN
ཉེ་	ཉེ་	NUM
མཁོ་	མཁོ་	NO_POS
འི་	གི་	PART
གཏོང་	གཏོང་	VERB
ཐུན་	ཐུན་	NOUN
རྡོ་རྗེ་	རྡོ་རྗེ་	NOUN
འི་	གི་	PART
རྒྱུད་མང་	རྒྱུད་མང་	OTHER
།		PUNCT
		
མཆོག་	མཆོག་	ADJ
གླིང་	གླིང་	NOUN
ཐུགས་	ཐུགས་	NOUN
སྒྲུབ་	སྒྲུབ་	VERB
བར་ཆད་	བར་ཆད་	NOUN
ཀུན་	ཀུན་	DET
སེལ་	སེལ་	VERB
གྱི་	གི་	PART
ཆ་ལག་	ཆ་ལག་	NOUN
སྒྲོལ་མ་	སྒྲོལ་མ་	PROPN
འཇིགས་པ་	འཇིགས་པ་	VERB
ཀུན་	ཀུན་	DET
སེལ་	སེལ་	VERB
གྱི་	གི་	PART
ལྷ་	ལྷ་	NOUN
སོ་སོ་	སོ་སོ་	PRON
འི་	གི་	PART
ཕྲིན་	ཕྲིན་	NOUN
དབང་	དབང་	NOUN
གི་	གི་	PART
ལག་ལེན་	ལག་ལེན་	NOUN
མཚམས་	མཚམས་	NOUN
སྦྱོར་	སྦྱོར་	VERB
བྱིན་རླབས་	བྱིན་རླབས་	NOUN
བཅུད་སྦྱིན་	བཅུད་སྦྱིན་	NO_POS
།		PUNCT
		
སྒྲོལ་ཆོག་	སྒྲོལ་ཆོག་	OTHER
འདོན་	འདོན་	VERB
ཟིན་	ཟིན་	VERB
།		PUNCT
		
སྒྲོལ་ཆོག་	སྒྲོལ་ཆོག་	OTHER
ཟུར་འདེབས་	ཟུར་འདེབས་	NO_POS
།		PUNCT
		
བླ་མ་	བླ་མ་	NOUN
འི་	གི་	PART
ཐུགས་	ཐུགས་	NOUN
སྒྲུབ་	སྒྲུབ་	VERB
བར་ཆད་	བར་ཆད་	NOUN
ཀུན་	ཀུན་	DET
སེལ་	སེལ་	VERB
གྱི་	གི་	PART
ཆ་ལག་	ཆ་ལག་	NOUN
སྒྲོལ་མ་	སྒྲོལ་མ་	PROPN
འཇིགས་པ་	འཇིགས་པ་	VERB
ཀུན་	ཀུན་	DET
སེལ་	སེལ་	VERB
གྱི་	གི་	PART
ལ་	ལ་	ADP
ས་	གིས་	PART
བཞི་	བཞི་	NUM
འི་	གི་	PART
མེ་	མེ་	NOUN
མཆོད་མེ་	མཆོད་མེ་	OTHER
ཤེལ་	ཤེལ་	NOUN
ནོར་བུ་	ནོར་བུ་	NOUN
འི་	གི་	PART
དཀྱིལ་འཁོར་	དཀྱིལ་འཁོར་	NOUN
།		PUNCT
		
ཚེ་	ཚེ་	NOUN
གཡང་	གཡང་	NOUN
རྒྱུན་	རྒྱུན་	NOUN
ཁྱེ་	ཁྱེ་	VERB
།		PUNCT
		
དག་སྣང་	དག་སྣང་	NOUN
འཆི་མེད་	འཆི་མེད་	NOUN
ཙནྜ་		NON_WORD
ལཱིའི་		NON_WORD
སྒྲུབ་ཐབས་	སྒྲུབ་ཐབས་	NOUN
ཀྱི་	གི་	PART
ཟིན་བྲིས་	ཟིན་བྲིས་	OTHER
བལྟས་་	བལྟས་པ་	VERB
ས་	གིས་	PART
འགྲུབ་པ་	འགྲུབ་པ་	VERB
ཚེ་དབང་	ཚེ་དབང་	PROPN
བཅུད་	བཅུད་	NOUN
འདྲེན་	འདྲེན་	NO_POS
།		PUNCT
		
གསང་	གསང་	VERB
ཐིག་	ཐིག་	NOUN
ཡུམ་	ཡུམ་	NOUN
བཀའ་	བཀའ་	NOUN
མཁའ་འགྲོ་	མཁའ་འགྲོ་	NOUN
བདེ་ཆེན་	བདེ་ཆེན་	NOUN
རྒྱ་མཚོ་	རྒྱ་མཚོ་	NOUN
འི་	གི་	PART
རྒྱུན་	རྒྱུན་	NOUN
ཁྱེ་	ཁྱེ་	VERB
ཉུང་ངུ་	ཉུང་ངུ་	ADJ
ར་	ལ་	PART
བསྡུས་པ་	བསྡུས་པ་	VERB
ངོ་མཚར་	ངོ་མཚར་	ADJ
ནོར་བུ་	ནོར་བུ་	NOUN
འི་	གི་	PART
ཕྲེང་	ཕྲེང་	OTHER
མཛེ་	མཛེ་	VERB
།		PUNCT
		
གསང་	གསང་	VERB
ཐིག་	ཐིག་	NOUN
བླ་མ་	བླ་མ་	NOUN
མཁའ་འགྲོ་	མཁའ་འགྲོ་	NOUN
འི་	གི་	PART
མེ་	མེ་	NOUN
མཆོད་	མཆོད་	VERB
སྒྲིབ་གཉིས་	སྒྲིབ་གཉིས་	OTHER
འཇོམས་བྱེད་	འཇོམས་བྱེད་	NO_POS
ཡེ་ཤེས་	ཡེ་ཤེས་	NOUN
འོད་	འོད་	NOUN
ཀྱི་	གི་	PART
དཀྱིལ་འཁོར་	དཀྱིལ་འཁོར་	NOUN
།		PUNCT
		
ཀློང་	ཀློང་	NOUN
གསལ་	གསལ་	VERB
རྡོ་རྗེ་	རྡོ་རྗེ་	NOUN
སྙིང་པོ་	སྙིང་པོ་	NOUN
འི་	གི་	PART
ཡན་ལག་	ཡན་ལག་	NOUN
གི་	གི་	PART
ཆོས་སྡེ་	ཆོས་སྡེ་	NOUN
ལ་	ལ་	ADP
ས་	གིས་	PART
།		PUNCT
བདུད་འདུལ་	བདུད་འདུལ་	OTHER
སེང་	སེང་	NOUN
ཧ་	ཧ་	NOUN
དམར་མོ་	དམར་མོ་	ADJ
འི་	གི་	PART
བསྙེན་སྒྲུབ་	བསྙེན་སྒྲུབ་	NOUN
ཀྱི་	གི་	PART
དམིགས་	དམིགས་	VERB
ཟིན་	ཟིན་	VERB
སྙིང་པོ་	སྙིང་པོ་	NOUN
ར་	ལ་	PART
དྲིལ་བ་	དྲིལ་བ་	VERB
རྡོ་རྗེ་	རྡོ་རྗེ་	NOUN
འི་	གི་	PART
དྲྭ་		NON_WORD
མིག་	མིག་	NOUN
།		PUNCT
		
ནོར་	ནོར་	NOUN
རྒྱུན་	རྒྱུན་	NOUN
གཏེར་	གཏེར་	NOUN
གཞུང་	གཞུང་	NOUN
།		PUNCT
		
པདྨ་	པདྨ་	NOUN
འོད་གསལ་	འོད་གསལ་	NOUN
མདོ་སྔགས་	མདོ་སྔགས་	NOUN
གླིང་པ་	གླིང་པ་	NOUN
འི་	གི་	PART
ཟབ་	ཟབ་	VERB
གཏེར་	གཏེར་	NOUN
རྩ་	རྩ་	NUM
གསུམ་	གསུམ་	NUM
སྒྱུ་འཕྲུལ་	སྒྱུ་འཕྲུལ་	PROPN
དྲྭ་བ་	དྲྭ་བ་	NON_WORD
ལ་	ལ་	ADP
ས་	གིས་	PART
།		PUNCT
བཅོམ་ལྡན་འདས་	བཅོམ་ལྡན་འདས་	NOUN
མ་	མ་	PART
ནོར་	ནོར་	NOUN
རྒྱུན་	རྒྱུན་	NOUN
ཡབ་ཡུམ་	ཡབ་ཡུམ་	NOUN
གྱི་	གི་	PART
ཕྲིན་ལས་	ཕྲིན་ལས་	NOUN
འདོད་རྒུ་	འདོད་རྒུ་	OTHER
སྤྲིན་	སྤྲིན་	NOUN
གྱི་	གི་	PART
ཏིང་འཛིན་	ཏིང་འཛིན་	NOUN
ཆེན་པོ་	ཆེན་པོ་	ADJ
དང་	དང་	NO_POS
འབྲེལ་བ་	འབྲེལ་བ་	VERB
འི་	གི་	PART
ཕྲིན་	ཕྲིན་	NOUN
དབང་	དབང་	NOUN
ལས་ཚོགས་	ལས་ཚོགས་	NOUN
ཀྱི་	གི་	PART
གསལ་བྱེད་	གསལ་བྱེད་	NOUN
ཟུར་	ཟུར་	NOUN
རྒྱན་	རྒྱན་	NOUN
ནོར་བུ་	ནོར་བུ་	NOUN
རྨད་	རྨད་	VERB
དུ་	ལ་	PART
བྱུང་བ་	བྱུང་བ་	VERB
འི་	གི་	PART
ཆར་རྒྱུན་	ཆར་རྒྱུན་	OTHER
།		PUNCT
		
འཕགས་མ་	འཕགས་མ་	OTHER
ནོར་	ནོར་	NOUN
རྒྱུན་	རྒྱུན་	NOUN
ཡབ་ཡུམ་	ཡབ་ཡུམ་	NOUN
གྱི་	གི་	PART
རྒྱུན་	རྒྱུན་	NOUN
ཁྱེ་	ཁྱེ་	VERB
སྙིང་པོ་	སྙིང་པོ་	NOUN
ར་	ལ་	PART
དྲིལ་བ་	དྲིལ་བ་	VERB
།		PUNCT
		
མཆོག་	མཆོག་	ADJ
གླིང་མ་	གླིང་མ་	NO_POS
མོ་	གོ་	PART
རོལ་པ་	རོལ་པ་	VERB
སྤྱི་	སྤྱི་	DET
བསྡུ་	བསྡུ་	VERB
ཀྱི་	གི་	PART
ཕྲིན་	ཕྲིན་	NOUN
དབང་	དབང་	NOUN
གི་	གི་	PART
མཚམས་	མཚམས་	NOUN
སྦྱོར་	སྦྱོར་	VERB
དངོས་གྲུབ་	དངོས་གྲུབ་	NOUN
བུམ་	བུམ་	NOUN
བཟང་	བཟང་	VERB
མཛེས་བྱེད་	མཛེས་བྱེད་	OTHER
ནོར་བུ་	ནོར་བུ་	NOUN
འི་	གི་	PART
རྒྱན་	རྒྱན་	NOUN
ཕྲེང་	ཕྲེང་	OTHER
།		PUNCT
		
ཆོ་	ཆོ་	NOUN
གླིང་	གླིང་	NOUN
ཆོས་སྐྱོང་	ཆོས་སྐྱོང་	NOUN
ཟབ་མོ་	ཟབ་མོ་	ADJ
སྐོར་	སྐོར་	NOUN
དགུ་	དགུ་	NUM
ལ་	ལ་	ADP
ས་	གིས་	PART
།		PUNCT
བཀའ་སྲུང་	བཀའ་སྲུང་	OTHER
ཡེ་ཤེས་	ཡེ་ཤེས་	NOUN
མགོན་པོ་	མགོན་པོ་	NOUN
ཕྱག་	ཕྱག་	NOUN
དྲུག་	དྲུག་	NUM
ཧེ་རུ་ཀ་	ཧེ་རུ་ཀ་	NOUN
གསང་	གསང་	VERB
མགོན་	མགོན་	NOUN
སྨུག་པོ་	སྨུག་པོ་	OTHER
འི་	གི་	PART
ཕྲིན་	ཕྲིན་	NOUN
དབང་	དབང་	NOUN
གི་	གི་	PART
མཚམས་	མཚམས་	NOUN
སྦྱོར་	སྦྱོར་	VERB
ལག་ལེན་	ལག་ལེན་	NOUN
དཔག་བསམ་	དཔག་བསམ་	OTHER
ལྗོན་པ་	ལྗོན་པ་	OTHER
འི་	གི་	PART
ཕྲེང་བ་	ཕྲེང་བ་	NOUN
།		PUNCT
		
བླ་མ་	བླ་མ་	NOUN
འི་	གི་	PART
ཐུགས་	ཐུགས་	NOUN
སྒྲུབ་	སྒྲུབ་	VERB
བར་ཆད་	བར་ཆད་	NOUN
ཀུན་	ཀུན་	DET
སེལ་	སེལ་	VERB
གྱི་	གི་	PART
བཀའ་སྲུང་	བཀའ་སྲུང་	OTHER
ནོར་བདག་	ནོར་བདག་	NOUN
ཀུན་	ཀུན་	DET
འཁྱིལ་	འཁྱིལ་	NO_POS
མཆེད་	མཆེད་	NOUN
གསུམ་	གསུམ་	NUM
གྱི་	གི་	PART
བཀའ་	བཀའ་	NOUN
གཏད་	གཏད་	VERB
བྱ་	བྱ་	VERB
ཚུལ་	ཚུལ་	NOUN
མདོར་བསྡུས་	མདོར་བསྡུས་	OTHER
དོན་ཡོད་	དོན་ཡོད་	ADJ
ནོར་བུ་	ནོར་བུ་	NOUN
འི་	གི་	PART
ཞགས་པ་	ཞགས་པ་	NOUN
།		PUNCT
		
མཆོག་	མཆོག་	ADJ
གླིང་	གླིང་	NOUN
ཟུར་	ཟུར་	NOUN
བཟ་	བཟའ་	NOUN
འི་	གི་	PART
ཐུགས་དམ་	ཐུགས་དམ་	NOUN
སྐོང་	སྐོང་	NO_POS
དྲུག་	དྲུག་	NUM
གི་	གི་	PART
བཀའ་སྲུང་	བཀའ་སྲུང་	OTHER
ཚིག་	ཚིག་	NOUN
བརྒྱུད་	བརྒྱུད་	NO_POS
དབྱིངས་	དབྱིངས་	NOUN
ཀྱི་	གི་	PART
རྒྱལ་མོ་	རྒྱལ་མོ་	OTHER
སྔགས་	སྔགས་	NOUN
སྲུང་	སྲུང་	VERB
ཨེ་	ཨེ་	PART
ཀ་	ཀ་	DET
ཛྭ་		NON_WORD
ཊའི་		NON_WORD
གསང་	གསང་	VERB
སྒྲུབ་	སྒྲུབ་	VERB
ཀྱི་	གི་	PART
གཏོ་	གཏོ་	VERB
ཆོག་	ཆོག་	VERB
དང་	དང་	NO_POS
འབྲེལ་བ་	འབྲེལ་བ་	VERB
འི་	གི་	PART
སྲོག་	སྲོག་	NOUN
གཏད་	གཏད་	VERB
བྱ་	བྱ་	VERB
ཚུལ་	ཚུལ་	NOUN
ཙིཏྟ་		NON_WORD
འབར་བ་	འབར་བ་	VERB
འི་	གི་	PART
ཐིག་ལེ་	ཐིག་ལེ་	NOUN
།		PUNCT
		
མཆོག་	མཆོག་	ADJ
གླིང་	གླིང་	NOUN
བཀའ་སྲུང་	བཀའ་སྲུང་	OTHER
ཟབ་མོ་	ཟབ་མོ་	ADJ
སྐོར་	སྐོར་	NOUN
དགུ་	དགུ་	NUM
འི་	གི་	PART
ནང་	ནང་	NOUN
སྒྲུབ་	སྒྲུབ་	VERB
ཀྱི་	གི་	PART
ཡན་ལག་	ཡན་ལག་	NOUN
མགོན་པོ་	མགོན་པོ་	NOUN
དཀར་སེར་	དཀར་སེར་	NO_POS
དང་	དང་	NO_POS
འཁོར་	འཁོར་	NOUN
གྱི་	གི་	PART
སྒོ་	སྒོ་	ADV
སྒྲུབ་	སྒྲུབ་	VERB
རྣམས་	རྣམས་	DET
ཀྱི་	གི་	PART
དབང་	དབང་	NOUN
དང་	དང་	NO_POS
སྲོག་	སྲོག་	NOUN
གཏད་	གཏད་	VERB
ཀྱི་	གི་	PART
ལག་ལེན་	ལག་ལེན་	NOUN
དཔག་བསམ་	དཔག་བསམ་	OTHER
ལྗོན་པ་	ལྗོན་པ་	OTHER
འི་	གི་	PART
ཡལ་འདབ་	ཡལ་འདབ་	NOUN
།		PUNCT
		
མཆོག་	མཆོག་	ADJ
གླིང་	གླིང་	NOUN
གསོ་སྦྱོང་	གསོ་སྦྱོང་	NOUN
།		PUNCT
		
མཆོག་	མཆོག་	ADJ
གླིང་	གླིང་	NOUN
བླ་མ་	བླ་མ་	NOUN
འི་	གི་	PART
ཐུགས་	ཐུགས་	NOUN
སྒྲུབ་	སྒྲུབ་	VERB
ཡིད་བཞིན་	ཡིད་བཞིན་	OTHER
ནོར་བུ་	ནོར་བུ་	NOUN
འི་	གི་	PART
ཆ་ལག་	ཆ་ལག་	NOUN
ཉོན་མོངས་	ཉོན་མོངས་	NOUN
དུག་	དུག་	NOUN
ལྔ་	ལྔ་	NUM
རང་གྲོལ་	རང་གྲོལ་	NOUN
གྱི་	གི་	PART
ཞལ་གདམས་	ཞལ་གདམས་	NOUN
དང་	དང་	NO_POS
འབྲེལ་བ་	འབྲེལ་བ་	VERB
འི་	གི་	PART
ཐབས་	ཐབས་	NOUN
གྲོལ་	གྲོལ་	VERB
ལམ་	གམ་	PART
གྱི་	གི་	PART
ཟབ་	ཟབ་	VERB
དབང་	དབང་	NOUN
བསྐུར་བ་	བསྐུར་བ་	VERB
འི་	གི་	PART
ཕྲིན་ལས་	ཕྲིན་ལས་	NOUN
དབང་	དབང་	NOUN
ཁྲིད་	ཁྲིད་	VERB
ཀྱི་	གི་	PART
མཚམས་	མཚམས་	NOUN
སྦྱོར་	སྦྱོར་	VERB
དང་	དང་	NO_POS
བཅས་པ་	བཅས་པ་	VERB
ཡེ་ཤེས་	ཡེ་ཤེས་	NOUN
རང་	རང་	PRON
ཤ་	ཤ་	VERB
།		PUNCT
		
མཆོག་	མཆོག་	ADJ
གླིང་	གླིང་	NOUN
རྫོགས་པ་	རྫོགས་པ་	VERB
ཆེན་པོ་	ཆེན་པོ་	ADJ
གསེར་	གསེར་	NOUN
ཞུན་མ་	ཞུན་མ་	NO_POS
ཀུན་བཟང་	ཀུན་བཟང་	ADJ
ཐུགས་	ཐུགས་	NOUN
ཐིག་	ཐིག་	NOUN
གི་	གི་	PART
སྨིན་གྲོལ་	སྨིན་གྲོལ་	NOUN
ཡོངས་རྫོགས་	ཡོངས་རྫོགས་	OTHER
ཀྱི་	གི་	PART
མཚམས་	མཚམས་	NOUN
སྦྱོར་	སྦྱོར་	VERB
སྣང་	སྣང་	VERB
ཡངས་	ཡངས་	VERB
རྒྱན་	རྒྱན་	NOUN
གྱི་	གི་	PART
ནམ་མཁའ་	ནམ་མཁའ་	NOUN
།		PUNCT
		
		
འཕགས་པ་	འཕགས་པ་	VERB
འཇམ་དཔལ་	འཇམ་དཔལ་	PROPN
གཞོན་ནུ་	གཞོན་ནུ་	ADJ
ར་	ལ་	PART
གྱུར་པ་	གྱུར་པ་	VERB
མཆོད་པ་	མཆོད་པ་	VERB
འི་	གི་	PART
ཆོ་ག་	ཆོ་ག་	NOUN
ཟབ་མོ་	ཟབ་མོ་	ADJ
ནོར་བུ་	ནོར་བུ་	NOUN
འི་	གི་	PART
སྤྲིན་ཆེན་	སྤྲིན་ཆེན་	OTHER
རབ་ཏུ་	རབ་ཏུ་	NO_POS
བཀོད་པ་	བཀོད་པ་	VERB
འི་	གི་	PART
རྒྱལ་མཚན་	རྒྱལ་མཚན་	NOUN
།		PUNCT
		
རྒྱལ་བ་	རྒྱལ་བ་	NOUN
སྲ་	སྲ་	NOUN
བཅའ་	བཅའ་	VERB
ཀྱི་	གི་	PART
སྤྱན་སྔ་	སྤྱན་སྔ་	PROPN
ར་	ལ་	PART
མདོ་སྡེ་	མདོ་སྡེ་	NOUN
འི་	གི་	PART
ལུགས་	ལུགས་	NOUN
གཙོ་བོ་	གཙོ་བོ་	ADJ
ར་	ལ་	PART
བཏོན་པ་	བཏོན་པ་	VERB
འི་	གི་	PART
མཆོད་སྤྲིན་	མཆོད་སྤྲིན་	OTHER
འབུལ་བ་	འབུལ་བ་	VERB
འི་	གི་	PART
ཆོ་ག་	ཆོ་ག་	NOUN
ཁྱེ་	ཁྱེ་	VERB
བདེ་	བདེ་	VERB
ཡིད་བཞིན་	ཡིད་བཞིན་	OTHER
ནམ་མཁ་	ནམ་མཁའ་	NOUN
འི་	གི་	PART
མཛོད་	མཛོད་	NOUN
།		PUNCT
		
གསང་སྔགས་	གསང་སྔགས་	NOUN
རྙིང་མ་	རྙིང་མ་	OTHER
འི་	གི་	PART
ནང་ཚན་	ནང་ཚན་	OTHER
ཉེ་	ཉེ་	VERB
བརྒྱུད་	བརྒྱུད་	NO_POS
གཏེར་མ་	གཏེར་མ་	OTHER
འི་	གི་	PART
སྨིན་	སྨིན་	VERB
བྱེད་	བྱེད་	VERB
ཀྱི་	གི་	PART
རིམ་པ་	རིམ་པ་	NOUN
སྤྱི་	སྤྱི་	DET
ལ་	ལ་	PART
ཁྱབ་པ་	ཁྱབ་པ་	VERB
འི་	གི་	PART
མཚམས་	མཚམས་	NOUN
སྦྱོར་	སྦྱོར་	VERB
ཉུང་ངུ་	ཉུང་ངུ་	ADJ
ར་	ལ་	PART
བསྡུས་པ་	བསྡུས་པ་	VERB
བདུད་རྩི་	བདུད་རྩི་	NOUN
འི་	གི་	PART
སྤྲིན་ཕུང་	སྤྲིན་ཕུང་	NOUN
།		PUNCT
		
མཚམས་	མཚམས་	NOUN
སྦྱོར་	སྦྱོར་	VERB
ཁོལ་	ཁོལ་	OTHER
ཕྱུང་	ཕྱུང་	VERB
།		PUNCT
		
ཡང་གཏེར་	ཡང་གཏེར་	NO_POS
མཁའ་འགྲོ་	མཁའ་འགྲོ་	NOUN
གསང་འདུས་	གསང་འདུས་	PROPN
ཀྱི་	གི་	PART
སྒྲུབ་མཆོད་	སྒྲུབ་མཆོད་	OTHER
དཀྱུས་མ་	དཀྱུས་མ་	OTHER
འི་	གི་	PART
ཕྲིན་ལས་	ཕྲིན་ལས་	NOUN
ཀྱི་	གི་	PART
བྱང་བུ་	བྱང་བུ་	OTHER
སྤྱི་བྱེ་	སྤྱི་བྱེ་	NO_POS
བྲག་	བྲག་	NOUN
གི་	གི་	PART
སྐོང་	སྐོང་	NO_POS
ཆོག་	ཆོག་	VERB
ལ་	ལ་	ADP
ས་	གིས་	PART
སྦྱོར་	སྦྱོར་	VERB
བསྙེན་པ་	བསྙེན་པ་	VERB
འི་	གི་	PART
ཟིན་ཐོ་	ཟིན་ཐོ་	OTHER
མདོར་བསྡུས་	མདོར་བསྡུས་	OTHER
དང་	དང་	NO_POS
བཅས་པ་	བཅས་པ་	VERB
འི་	གི་	PART
ལག་ལེན་	ལག་ལེན་	NOUN
ཁྱེ་	ཁྱེ་	VERB
བདེ་	བདེ་	VERB
ར་	ལ་	PART
བཀོད་པ་	བཀོད་པ་	VERB
པདྨ་	པདྨ་	NOUN
རྣམ་པ་	རྣམ་པ་	NOUN
ར་	ལ་	PART
བཀོད་པ་	བཀོད་པ་	VERB
འི་	གི་	PART
དགའ་ཚལ་	དགའ་ཚལ་	OTHER
།		PUNCT
		
མཁའ་འགྲོ་	མཁའ་འགྲོ་	NOUN
གསང་བ་	གསང་བ་	VERB
ཀུན་	ཀུན་	DET
འདུ་	འདུ་	VERB
ལ་	ལ་	ADP
ས་	གིས་	PART
།		PUNCT
མཁའ་འགྲོ་	མཁའ་འགྲོ་	NOUN
ཡོངས་རྫོགས་	ཡོངས་རྫོགས་	OTHER
མཆོད་	མཆོད་	VERB
ཅིང་	ཅིང་	PART
ཐུགས་དམ་	ཐུགས་དམ་	NOUN
སྐོང་བ་	སྐོང་བ་	VERB
འི་	གི་	PART
མདོ་		
ཀྱིས་	གིས་	PART
ཆོ་ག་	ཆོ་ག་	NOUN
མཁའ་དབྱིངས་	མཁའ་དབྱིངས་	OTHER
རོལ་པ་	རོལ་པ་	VERB
འི་	གི་	PART
རྒྱན་	རྒྱན་	NOUN
།		PUNCT
		
སྤ་	སྤ་	NOUN
བྱང་	བྱང་	NOUN
སྨོན་ཚིག་	སྨོན་ཚིག་	OTHER
། ༈		PUNCT
རྒྱལ་དབང་	རྒྱལ་དབང་	NOUN
མཁའ་ཁྱབ་	མཁའ་ཁྱབ་	NOUN
རྡོ་རྗེ་	རྡོ་རྗེ་	NOUN
འི་	གི་	PART
བཀའ་འབུམ་	བཀའ་འབུམ་	NOUN
།		PUNCT
གླེགས་བམ་	གླེགས་བམ་	NOUN
ཇ་པ་	ཇ་པ་	OTHER
།		PUNCT
		
རྗེ་བཙུན་	རྗེ་བཙུན་	NOUN
དཔལ་ལྡན་	དཔལ་ལྡན་	ADJ
ནག་པོ་	ནག་པོ་	ADJ
ཆེན་པོ་	ཆེན་པོ་	ADJ
འི་	གི་	PART
མངོན་རྟོགས་	མངོན་རྟོགས་	NOUN
དོན་	དོན་	NOUN
ཀུན་	ཀུན་	DET
སྒྲུབ་བྱེད་	སྒྲུབ་བྱེད་	NOUN
ལོག་འདྲེན་	ལོག་འདྲེན་	NOUN
ཚར་གཅོད་	ཚར་གཅོད་	NOUN
སྡང་བ་	སྡང་བ་	VERB
རྣམ་	རྣམ་	NOUN
སྲེག་	སྲེག་	NO_POS
གི་	གི་	PART
ཕྲིན་ལས་	ཕྲིན་ལས་	NOUN
གསལ་བ་	གསལ་བ་	VERB
ར་	ལ་	PART
བྱས་པ་	བྱས་པ་	VERB
མི་	མི་	PART
ནུབ་	ནུབ་	ADV
བསྟན་པ་	བསྟན་པ་	VERB
འི་	གི་	PART
རྒྱལ་མཚན་	རྒྱལ་མཚན་	NOUN
།		PUNCT
		
མཁའ་འགྲོ་	མཁའ་འགྲོ་	NOUN
འི་	གི་	PART
རྒྱ་མཚོ་	རྒྱ་མཚོ་	NOUN
འི་	གི་	PART
དཀྱིལ་འཁོར་བ་	དཀྱིལ་འཁོར་བ་	NOUN
རྣམས་	རྣམས་	DET
མཆོད་	མཆོད་	VERB
ཅིང་	ཅིང་	PART
དགྱེས་པ་	དགྱེས་པ་	VERB
སྐོང་	སྐོང་	NO_POS
ཞིང་	ཅིང་	PART
ཉམས་	ཉམས་	NOUN
ཆགས་	ཆགས་	VERB
བཤགས་པ་	བཤགས་པ་	VERB
འི་	གི་	PART
མདོ་		
ཀྱི་	གི་	PART
ཆོ་ག་	ཆོ་ག་	NOUN
སྣང་སྲིད་	སྣང་སྲིད་	NOUN
རོལ་པ་	རོལ་པ་	VERB
འི་	གི་	PART
རྒྱན་	རྒྱན་	NOUN
།		PUNCT
		
རྡོ་		
གླིང་	གླིང་	NOUN
གཏེར་	གཏེར་	NOUN
བྱོན་	བྱོན་	VERB
ཆུང་	ཆུང་	VERB
དཔྱད་	དཔྱད་	VERB
རིན་པོ་ཆེ་	རིན་པོ་ཆེ་	ADJ
འི་	གི་	PART
གཅེ་	གཅེ་	VERB
ཕྲེང་	ཕྲེང་	OTHER
ལ་	ལ་	ADP
ས་	གིས་	PART
ལྷ་མོ་	ལྷ་མོ་	NOUN
བུ་རྫི་	བུ་རྫི་	NO_POS
མ་	མ་	PART
འི་	གི་	PART
རྟེན་	རྟེན་	NOUN
མདོ་		
ཀྱི་	གི་	PART
ལྷན་ཐབས་	ལྷན་ཐབས་	OTHER
ཉུང་	ཉུང་	VERB
གསལ་	གསལ་	VERB
དུ་	ལ་	PART
བཀོད་པ་	བཀོད་པ་	VERB
།		PUNCT
		
རྒྱལ་མདོས་	རྒྱལ་མདོས་	NO_POS
ཟིན་བྲིས་	ཟིན་བྲིས་	OTHER
།		PUNCT
		
		
བརྟན་མ་	བརྟན་མ་	NOUN
འི་	གི་	PART
མདོ་		
ཟིན་	ཟིན་	VERB
།		PUNCT
		
སྒྲུབ་བརྒྱུད་	སྒྲུབ་བརྒྱུད་	NOUN
རིན་པོ་ཆེ་	རིན་པོ་ཆེ་	ADJ
འི་	གི་	PART
བསྟན་སྲུང་	བསྟན་སྲུང་	OTHER
ཡེ་ཤེས་	ཡེ་ཤེས་	NOUN
མགོན་པོ་	མགོན་པོ་	NOUN
ཡབ་ཡུམ་	ཡབ་ཡུམ་	NOUN
གྱི་	གི་	PART
ཕྲིན་ལས་	ཕྲིན་ལས་	NOUN
རྒྱུན་	རྒྱུན་	NOUN
ཁྱེ་	ཁྱེ་	VERB
དུ་	ལ་	PART
ཕྱེས་པ་	ཕྱེས་པ་	VERB
མཚལ་	མཚལ་	NO_POS
མ་	མ་	PART
འི་	གི་	PART
གཞུང་	གཞུང་	NOUN
བཀླགས་	བཀླགས་	NO_POS
ཆོག་	ཆོག་	VERB
ཏུ་	ལ་	PART
བཀོད་པ་	བཀོད་པ་	VERB
རྡོ་རྗེ་	རྡོ་རྗེ་	NOUN
ནོར་བུ་	ནོར་བུ་	NOUN
འི་	གི་	PART
ཕྲེང་བ་	ཕྲེང་བ་	NOUN
།		PUNCT
		
བསྟན་སྲུང་	བསྟན་སྲུང་	OTHER
འཁོར་	འཁོར་	NOUN
ལྔ་	ལྔ་	NUM
རྗེས་	རྗེས་	NOUN
འབྲང་	འབྲང་	VERB
དང་	དང་	NO_POS
བཅས་པ་	བཅས་པ་	VERB
འི་	གི་	PART
གཏོ་	གཏོ་	VERB
འབུལ་	འབུལ་	NO_POS
ཕྱོགས་	ཕྱོགས་	NOUN
གཅིག་	གཅིག་	NUM
ཏུ་	ལ་	PART
བཀོད་པ་	བཀོད་པ་	VERB
།		PUNCT
		
དཔལ་མགོན་	དཔལ་མགོན་	OTHER
གྱི་	གི་	PART
གདངས་དབྱངས་	གདངས་དབྱངས་	NO_POS
ཐོར་བུ་	ཐོར་བུ་	OTHER
ཕྱོགས་	ཕྱོགས་	NOUN
གཅིག་	གཅིག་	NUM
ཏུ་	ལ་	PART
བཀོད་པ་	བཀོད་པ་	VERB
ཟབ་མོ་	ཟབ་མོ་	ADJ
ནཱ་	ནཱ་	NO_POS
དཱའི་		NON_WORD
སྒྲ་དབྱངས་	སྒྲ་དབྱངས་	NOUN
ཀྱི་	གི་	PART
རྒྱལ་མཚན་	རྒྱལ་མཚན་	NOUN
།		PUNCT
		
		
མགོན་པོ་	མགོན་པོ་	NOUN
འི་	གི་	PART
ཉེ་	ཉེ་	NUM
མཁོ་	མཁོ་	NO_POS
།		PUNCT
		
སྒྲུབ་བརྒྱུད་	སྒྲུབ་བརྒྱུད་	NOUN
རིན་པོ་ཆེ་	རིན་པོ་ཆེ་	ADJ
འི་	གི་	PART
བཀའ་སྲུང་	བཀའ་སྲུང་	OTHER
དཔལ་ལྡན་	དཔལ་ལྡན་	ADJ
ཞིང་སྐྱོང་	ཞིང་སྐྱོང་	NOUN
དབང་པོ་	དབང་པོ་	NOUN
འཁོར་བཅས་	འཁོར་བཅས་	ADJ
རྟེན་	རྟེན་	NOUN
སྐོང་	སྐོང་	NO_POS
རྦད་པ་	རྦད་པ་	NO_POS
འི་	གི་	PART
མདོ་		
ཆོག་	ཆོག་	VERB
ནམ་མཁའ་	ནམ་མཁའ་	NOUN
མཛོད་	མཛོད་	NOUN
ཀྱི་	གི་	PART
འཁོར་ལོ་	འཁོར་ལོ་	NOUN
འབར་བ་	འབར་བ་	VERB
འི་	གི་	PART
སྤྲིན་	སྤྲིན་	NOUN
།		PUNCT
		
རྡོ་རྗེ་	རྡོ་རྗེ་	NOUN
འི་	གི་	PART
ཆོས་སྐྱོང་	ཆོས་སྐྱོང་	NOUN
རྣམས་	རྣམས་	DET
ཀྱི་	གི་	PART
མཆོད་	མཆོད་	VERB
ཕྲིན་	ཕྲིན་	NOUN
བསྟོད་	བསྟོད་	VERB
བསྐུལ་	བསྐུལ་	VERB
སྐོར་	སྐོར་	NOUN
དཔའ་བོ་	དཔའ་བོ་	NOUN
རྣམ་པ་	རྣམ་པ་	NOUN
ར་	ལ་	PART
རོལ་པ་	རོལ་པ་	VERB
འི་	གི་	PART
དགྱེས་སྟོན་	དགྱེས་སྟོན་	OTHER
།		PUNCT
		
བསྟན་སྲུང་	བསྟན་སྲུང་	OTHER
ཞིང་སྐྱོང་	ཞིང་སྐྱོང་	NOUN
དབང་པོ་	དབང་པོ་	NOUN
འཁོར་བཅས་	འཁོར་བཅས་	ADJ
ཀྱི་	གི་	PART
རྟེན་	རྟེན་	NOUN
སྐོང་	སྐོང་	NO_POS
མཆོད་པ་	མཆོད་པ་	VERB
འི་	གི་	PART
མདོ་		
ཆོག་	ཆོག་	VERB
མདོར་བསྡུས་	མདོར་བསྡུས་	OTHER
དམ་ཅན་	དམ་ཅན་	NOUN
དགྱེས་པ་	དགྱེས་པ་	VERB
འི་	གི་	PART
མཆོད་སྤྲིན་	མཆོད་སྤྲིན་	OTHER
།		PUNCT
		
དཔལ་ལྡན་	དཔལ་ལྡན་	ADJ
ཞིང་སྐྱོང་	ཞིང་སྐྱོང་	NOUN
དབང་པོ་	དབང་པོ་	NOUN
འི་	གི་	PART
དགྱེས་	དགྱེས་	NO_POS
སྐོང་	སྐོང་	NO_POS
བསང་	བསང་	OTHER
དང་	དང་	NO_POS
གསེར་སྐྱེམས་	གསེར་སྐྱེམས་	OTHER
ཚོགས་མཆོད་	ཚོགས་མཆོད་	NOUN
རྣམས་	རྣམས་	DET
ཁྱེ་	ཁྱེ་	VERB
བདེ་	བདེ་	VERB
ར་	ལ་	PART
བཀོད་པ་	བཀོད་པ་	VERB
དངོས་གྲུབ་	དངོས་གྲུབ་	NOUN
དཔལ་	དཔལ་	OTHER
འབྱུང་	འབྱུང་	VERB
།		PUNCT
		
སྒྲུབ་བརྒྱུད་	སྒྲུབ་བརྒྱུད་	NOUN
རིན་པོ་ཆེ་	རིན་པོ་ཆེ་	ADJ
འི་	གི་	PART
བཀའ་སྲུང་	བཀའ་སྲུང་	OTHER
དཔལ་ལྡན་	དཔལ་ལྡན་	ADJ
ཞིང་སྐྱོང་	ཞིང་སྐྱོང་	NOUN
དབང་པོ་	དབང་པོ་	NOUN
འི་	གི་	PART
དམར་	དམར་	VERB
ཆེན་	ཆེན་	NO_POS
གཏོར་མ་	གཏོར་མ་	NOUN
འི་	གི་	PART
ལས་རིམ་	ལས་རིམ་	OTHER
དགྲ་བགེགས་	དགྲ་བགེགས་	OTHER
སྲོག་	སྲོག་	NOUN
གི་	གི་	PART
སྤུ་གྲི་	སྤུ་གྲི་	NOUN
།		PUNCT
		
སྲིད་པ་	སྲིད་པ་	VERB
མ་མོ་	མ་མོ་	NOUN
འི་	གི་	PART
འཁྲུགས་	འཁྲུགས་	NO_POS
སྐོང་	སྐོང་	NO_POS
ཟླ་	ཟླ་	NOUN
ཞུན་	ཞུན་	NO_POS
བདུད་རྩི་	བདུད་རྩི་	NOUN
སྨན་	སྨན་	NOUN
གྱི་	གི་	PART
རོལ་མཚོ་	རོལ་མཚོ་	OTHER
།		PUNCT
		
སྒྲུབ་བརྒྱུད་	སྒྲུབ་བརྒྱུད་	NOUN
རིན་པོ་ཆེ་	རིན་པོ་ཆེ་	ADJ
འི་	གི་	PART
བསྟན་པ་	བསྟན་པ་	VERB
འི་	གི་	PART
བཀའ་སྲུང་	བཀའ་སྲུང་	OTHER
འཕགས་མ་	འཕགས་མ་	OTHER
འདོད་ཁམས་	འདོད་ཁམས་	NOUN
དབང་ཕྱུག་	དབང་ཕྱུག་	NOUN
མ་	མ་	PART
འི་	གི་	PART
རྟེན་	རྟེན་	NOUN
སྐོང་	སྐོང་	NO_POS
གི་	གི་	PART
མདོ་		
ཆོག་	ཆོག་	VERB
ཡོངས་འདུ་	ཡོངས་འདུ་	OTHER
འི་	གི་	PART
ལྗོན་པ་	ལྗོན་པ་	OTHER
འི་	གི་	PART
དགའ་ཚལ་	དགའ་ཚལ་	OTHER
།		PUNCT
		
སྤ་	སྤ་	NOUN
བྱང་	བྱང་	NOUN
སྨོན་ཚིག་	སྨོན་ཚིག་	OTHER
། ༈		PUNCT
རྒྱལ་དབང་	རྒྱལ་དབང་	NOUN
མཁའ་ཁྱབ་	མཁའ་ཁྱབ་	NOUN
རྡོ་རྗེ་	རྡོ་རྗེ་	NOUN
འི་	གི་	PART
བཀའ་འབུམ་	བཀའ་འབུམ་	NOUN
།		PUNCT
གླེགས་བམ་	གླེགས་བམ་	NOUN
ཉ་པ་	ཉ་པ་	NOUN
།		PUNCT
		
བསྟན་སྲུང་	བསྟན་སྲུང་	OTHER
བཀྲ་ཤིས་	བཀྲ་ཤིས་	NOUN
ཚེ་རིང་	ཚེ་རིང་	NOUN
མཆེད་	མཆེད་	NOUN
ལྔ་	ལྔ་	NUM
འི་	གི་	PART
མཆོད་	མཆོད་	VERB
ཕྲིན་	ཕྲིན་	NOUN
རྒྱུན་	རྒྱུན་	NOUN
ཁྱེ་	ཁྱེ་	VERB
སྙིང་པོ་	སྙིང་པོ་	NOUN
ར་	ལ་	PART
དྲིལ་བ་	དྲིལ་བ་	VERB
དགྱེས་	དགྱེས་	NO_POS
རྒུ་	རྒུ་	VERB
འི་	གི་	PART
དཔལ་	དཔལ་	OTHER
བསྐྱེད་	བསྐྱེད་	VERB
།		PUNCT
		
མཁའ་	མཁའ་	NOUN
ནག་	ནག་	VERB
རྡོ་རྗེ་	རྡོ་རྗེ་	NOUN
རྒྱལ་པོ་	རྒྱལ་པོ་	NOUN
དྲག་པོ་	དྲག་པོ་	ADJ
ར་	ལ་	PART
ཁྲོས་པ་	ཁྲོས་པ་	VERB
དུག་	དུག་	NOUN
གདོང་	གདོང་	NOUN
ནག་པོ་	ནག་པོ་	ADJ
འི་	གི་	PART
མཆོད་གཏོར་	མཆོད་གཏོར་	OTHER
མདོར་བསྡུས་	མདོར་བསྡུས་	OTHER
ནོར་བུ་	ནོར་བུ་	NOUN
འི་	གི་	PART
ཆུ་འཛིན་	ཆུ་འཛིན་	NOUN
།		PUNCT
		
སྒ་		
ཆེན་	ཆེན་	NO_POS
འཛམ་གླིང་	འཛམ་གླིང་	NOUN
རྒྱན་	རྒྱན་	NOUN
གྱི་	གི་	PART
ཕྱག་བཞེས་	ཕྱག་བཞེས་	OTHER
རྩ་	རྩ་	NUM
གསུམ་	གསུམ་	NUM
གཞི་བདག་	གཞི་བདག་	NOUN
དང་	དང་	NO_POS
བཅས་པ་	བཅས་པ་	VERB
འི་	གི་	PART
བསང་	བསང་	OTHER
བརྔན་	བརྔན་	NO_POS
ཆེན་	ཆེན་	NO_POS
མོ་	གོ་	PART
ཡིད་བཞིན་	ཡིད་བཞིན་	OTHER
དབང་	དབང་	NOUN
རྒྱལ་	རྒྱལ་	VERB
དངོས་གྲུབ་	དངོས་གྲུབ་	NOUN
འདོད་རྒུ་	འདོད་རྒུ་	OTHER
འི་	གི་	PART
ཆ་	ཆ་	NOUN
ར་	ལ་	PART
འབེབས་	འབེབས་	VERB
སྲིད་ཞི་	སྲིད་ཞི་	NOUN
འི་	གི་	PART
བདེ་ལེགས་	བདེ་ལེགས་	NOUN
ཀུན་འབྱུང་	ཀུན་འབྱུང་	NOUN
།		PUNCT
		
སྒྲུབ་བརྒྱུད་	སྒྲུབ་བརྒྱུད་	NOUN
ཀརྨ་	ཀརྨ་	NO_POS
ཀཾ་		NON_WORD
ཚང་	ཚང་	VERB
གི་	གི་	PART
བསྟན་སྲུང་	བསྟན་སྲུང་	OTHER
འཁོར་	འཁོར་	NOUN
ལྔ་	ལྔ་	NUM
རྗེས་	རྗེས་	NOUN
འབྲངས་	འབྲངས་	VERB
དང་	དང་	NO_POS
བཅས་པ་	བཅས་པ་	VERB
འི་	གི་	PART
བསང་མཆོད་	བསང་མཆོད་	OTHER
མངའ་	མངའ་	VERB
གསོལ་	གསོལ་	VERB
གྱི་	གི་	PART
རིམ་པ་	རིམ་པ་	NOUN
ཕྱོགས་	ཕྱོགས་	NOUN
གཅིག་	གཅིག་	NUM
ཏུ་	ལ་	PART
སྤེལ་བ་	སྤེལ་བ་	VERB
ནོར་བུ་	ནོར་བུ་	NOUN
ཀེ་ཏ་ཀ་	ཀེ་ཏ་ཀ་	OTHER
འི་	གི་	PART
སྤྲིན་ཕུང་	སྤྲིན་ཕུང་	NOUN
།		PUNCT
		
དཔལ་ལྡན་	དཔལ་ལྡན་	ADJ
ཀརྨ་པ་	ཀརྨ་པ་	NO_POS
འི་	གི་	PART
གདན་ས་	གདན་ས་	NOUN
གོང་འོག་	གོང་འོག་	OTHER
གཙོ་བོ་	གཙོ་བོ་	ADJ
ར་	ལ་	PART
གྱུར་པ་	གྱུར་པ་	VERB
འི་	གི་	PART
ཡུལ་	ཡུལ་	NOUN
གཞི་	གཞི་	NOUN
འི་	གི་	PART
བདག་པོ་	བདག་པོ་	NOUN
རྣམས་	རྣམས་	DET
ཀྱི་	གི་	PART
བསང་མཆོད་	བསང་མཆོད་	OTHER
ཕྱོགས་	ཕྱོགས་	NOUN
གཅིག་	གཅིག་	NUM
ཏུ་	ལ་	PART
བཀོད་པ་	བཀོད་པ་	VERB
བསམ་འཕེལ་	བསམ་འཕེལ་	OTHER
ནོར་བུ་	ནོར་བུ་	NOUN
ཕྲེང་བ་	ཕྲེང་བ་	NOUN
།		PUNCT
		
མགོན་པོ་	མགོན་པོ་	NOUN
ལེགས་ལྡན་	ལེགས་ལྡན་	NO_POS
གྱི་	གི་	PART
དགྲ་ཆོས་	དགྲ་ཆོས་	NO_POS
དགྲ་ལྷ་	དགྲ་ལྷ་	NOUN
བཅུ་གསུམ་	བཅུ་གསུམ་	NO_POS
གྱི་	གི་	PART
བསང་མཆོད་	བསང་མཆོད་	OTHER
རྒྱ་	རྒྱ་	VERB
བསྡུ་	བསྡུ་	VERB
དང་	དང་	NO_POS
འདོད་གསོལ་	འདོད་གསོལ་	OTHER
དགྲ་ལྷ་	དགྲ་ལྷ་	NOUN
དཔང་བསྟོད་	དཔང་བསྟོད་	NO_POS
བཅའ་	བཅའ་	VERB
ཕྱོགས་	ཕྱོགས་	NOUN
གཅིག་	གཅིག་	NUM
ཏུ་	ལ་	PART
བཀོད་པ་	བཀོད་པ་	VERB
ཕྱོགས་	ཕྱོགས་	NOUN
ལ་	ལ་	ADP
ས་	གིས་	PART
རྣམ་པ་	རྣམ་པ་	NOUN
ར་	ལ་	PART
རྒྱལ་བ་	རྒྱལ་བ་	NOUN
འི་	གི་	PART
རུ་	ལ་	PART
ཚོན་	ཚོན་	NOUN
།		PUNCT
		
རྩ་	རྩ་	NUM
གསུམ་	གསུམ་	NUM
སྲུང་མ་	སྲུང་མ་	NOUN
ཡུལ་	ཡུལ་	NOUN
གཞི་	གཞི་	NOUN
འི་	གི་	PART
བདག་པོ་	བདག་པོ་	NOUN
རྣམས་	རྣམས་	DET
ཀྱི་	གི་	PART
རྟེན་གནས་	རྟེན་གནས་	NO_POS
གས་	གསའ་	NO_POS
ས་	གིས་	PART
མཁའ་	མཁའ་	NOUN
བསྟོད་པ་	བསྟོད་པ་	VERB
དང་	དང་	NO_POS
རྡོ་རྗེ་	རྡོ་རྗེ་	NOUN
འི་	གི་	PART
ཆོས་སྐྱོང་	ཆོས་སྐྱོང་	NOUN
རྣམས་	རྣམས་	DET
ལ་	ལ་	PART
ཕྱི་	ཕྱི་	NOUN
རྟེན་	རྟེན་	NOUN
རིགས་	རིགས་	NOUN
འབུལ་བ་	འབུལ་བ་	VERB
འི་	གི་	PART
ཆོ་ག་	ཆོ་ག་	NOUN
དགྱེས་	དགྱེས་	NO_POS
སྐོང་	སྐོང་	NO_POS
ནོར་བུ་	ནོར་བུ་	NOUN
དྲྭ་བ་	དྲྭ་བ་	NON_WORD
རྣམ་པ་	རྣམ་པ་	NOUN
ར་	ལ་	PART
སྤེལ་བ་	སྤེལ་བ་	VERB
འི་	གི་	PART
སྤྲིན་	སྤྲིན་	NOUN
ཕྲེང་	ཕྲེང་	OTHER
།		PUNCT
		
སྒ་		
བསང་ཆེན་	བསང་ཆེན་	NO_POS
མོ་	གོ་	PART
མཆོད་གཏོར་	མཆོད་གཏོར་	OTHER
བཤམས་	བཤམས་	NO_POS
བཀོད་	བཀོད་	VERB
དང་	དང་	NO_POS
བརྔན་	བརྔན་	NO_POS
གཏོ་	གཏོ་	VERB
སོགས་	སོགས་	DET
ཀྱི་	གི་	PART
བཅའ་	བཅའ་	VERB
ཐབས་	ཐབས་	NOUN
ནོར་བུ་	ནོར་བུ་	NOUN
འི་	གི་	PART
མེ་ལོང་	མེ་ལོང་	NOUN
།		PUNCT
		
ཡུལ་	ཡུལ་	NOUN
གཞི་	གཞི་	NOUN
འི་	གི་	PART
གནས་བདག་	གནས་བདག་	NO_POS
རྣམས་	རྣམས་	DET
ཀྱི་	གི་	PART
བསང་	བསང་	OTHER
གསོལ་མཆོད་	གསོལ་མཆོད་	OTHER
ཕྲིན་	ཕྲིན་	NOUN
སྐོར་	སྐོར་	NOUN
ཡིད་བཞིན་	ཡིད་བཞིན་	OTHER
རེ་བ་	རེ་བ་	VERB
སྐོང་བ་	སྐོང་བ་	VERB
འི་	གི་	PART
དཔག་བསམ་	དཔག་བསམ་	OTHER
ལྗོན་ཤིང་	ལྗོན་ཤིང་	NOUN
།		PUNCT
		
ཤིས་པ་	ཤིས་པ་	VERB
ར་	ལ་	PART
བྱེད་པ་	བྱེད་པ་	VERB
འི་	གི་	PART
མཆོད་བརྗོད་	མཆོད་བརྗོད་	NOUN
ཀྱི་	གི་	PART
སྐོར་	སྐོར་	NOUN
རྫོགས་	རྫོགས་	VERB
ལྡན་	ལྡན་	VERB
སྤྲིན་	སྤྲིན་	NOUN
གྱི་	གི་	PART
ལྡིང་ཁང་	ལྡིང་ཁང་	NOUN
།		PUNCT
		
ཡུལ་	ཡུལ་	NOUN
དམ་པ་	དམ་པ་	VERB
རྣམས་	རྣམས་	DET
ཀྱི་	གི་	PART
ཐུགས་རྗེ་	ཐུགས་རྗེ་	NOUN
བསྐུལ་བ་	བསྐུལ་བ་	VERB
འི་	གི་	PART
གསོལ་འདེབས་	གསོལ་འདེབས་	NOUN
སྐོར་	སྐོར་	NOUN
ལྷ་	ལྷ་	NOUN
འི་	གི་	PART
བུ་	བུ་	NOUN
སྐྱ་རེངས་	སྐྱ་རེངས་	ADV
གཞོན་ནུ་	གཞོན་ནུ་	ADJ
འི་	གི་	PART
ཤིང་རྟ་	ཤིང་རྟ་	NOUN
།		PUNCT
		
རྒྱལ་བ་	རྒྱལ་བ་	NOUN
འི་	གི་	PART
སྲས་པོ་	སྲས་པོ་	NOUN
རྣམས་	རྣམས་	DET
ཞི་	ཞི་	VERB
དབྱིངས་	དབྱིངས་	NOUN
ལ་	ལ་	ADP
ས་	གིས་	PART
འགྲོ་དོན་	འགྲོ་དོན་	NOUN
ལ་	ལ་	PART
བསྐུལ་བ་	བསྐུལ་བ་	VERB
འི་	གི་	PART
གསོལ་འདེབས་	གསོལ་འདེབས་	NOUN
སྐོར་	སྐོར་	NOUN
འགྲོ་མགོན་	འགྲོ་མགོན་	NOUN
ཐུགས་རྗེ་	ཐུགས་རྗེ་	NOUN
བསྐུལ་བ་	བསྐུལ་བ་	VERB
འི་	གི་	PART
ཕོ་ཉ་	ཕོ་ཉ་	NOUN
།		PUNCT
		
		
རི་	རི་	NOUN
མེད་	མེད་	VERB
བསྟན་འཛིན་	བསྟན་འཛིན་	NOUN
སྐྱེས་བུ་	སྐྱེས་བུ་	NOUN
རྣམས་	རྣམས་	DET
ག་	ག་	NOUN
འཁྲུངས་	འཁྲུངས་	NO_POS
བརྟགས་པ་	བརྟགས་པ་	VERB
དང་	དང་	NO_POS
ངོས་འཛིན་	ངོས་འཛིན་	NOUN
སྐོར་	སྐོར་	NOUN
གྱི་	གི་	PART
ཡི་གེ་	ཡི་གེ་	NOUN
ལྷག་བསམ་	ལྷག་བསམ་	NOUN
གཙང་མ་	གཙང་མ་	ADJ
འི་	གི་	PART
མེ་ལོང་	མེ་ལོང་	NOUN
།		PUNCT
		
རི་	རི་	NOUN
མེད་	མེད་	VERB
བསྟན་འཛིན་	བསྟན་འཛིན་	NOUN
རྣམས་	རྣམས་	DET
ཀྱི་	གི་	PART
མཚན་	མཚན་	NOUN
ཡིག་	ཡིག་	NOUN
ཞབས་བརྟན་	ཞབས་བརྟན་	OTHER
སྐོར་	སྐོར་	NOUN
བསམ་	བསམ་	NOUN
འགྲུབ་	འགྲུབ་	VERB
ལྷ་	ལྷ་	NOUN
ཡི་	གི་	PART
རྔ་བོ་	རྔ་བོ་	NOUN
ཆེ་	ཆེ་	VERB
།		PUNCT
		
བཀའ་	བཀའ་	NOUN
སྒོ་	སྒོ་	ADV
བདེན་ཚིག་	བདེན་ཚིག་	OTHER
སྐོར་	སྐོར་	NOUN
རྡོ་རྗེ་	རྡོ་རྗེ་	NOUN
འི་	གི་	PART
རི་དབང་	རི་དབང་	NO_POS
།		PUNCT
		
བཅའ་བ་	བཅའ་བ་	VERB
ཆོས་ཁྲིམས་	ཆོས་ཁྲིམས་	NOUN
ལ་སོགས་པ་	ལ་སོགས་པ་	NO_POS
གནང་བཀག་	གནང་བཀག་	NO_POS
འདོམས་པ་	འདོམས་པ་	VERB
འི་	གི་	PART
ཡི་གེ་	ཡི་གེ་	NOUN
འི་	གི་	PART
སྐོར་	སྐོར་	NOUN
ཚངས་པ་	ཚངས་པ་	PROPN
ཆེན་པོ་	ཆེན་པོ་	ADJ
འི་	གི་	PART
སྒྲ་དབྱངས་	སྒྲ་དབྱངས་	NOUN
།		PUNCT
		
		
ཡུལ་	ཡུལ་	NOUN
དམ་པ་	དམ་པ་	VERB
རྣམས་	རྣམས་	DET
དང་བ་	དང་བ་	NOUN
ར་	ལ་	PART
མ་	མ་	NOUN
བཅའ་	བཅའ་	VERB
ལ་	ལ་	PART
ཕུལ་བ་	ཕུལ་བ་	VERB
འི་	གི་	PART
ཞུ་	ཞུ་	VERB
ཕྲིན་	ཕྲིན་	NOUN
དང་	དང་	NO_POS
འབུལ་ཡིག་	འབུལ་ཡིག་	NO_POS
ཆབ་ཤོག་	ཆབ་ཤོག་	OTHER
སྐོར་	སྐོར་	NOUN
འཆི་མེད་	འཆི་མེད་	NOUN
བུ་མོ་	བུ་མོ་	NOUN
འི་	གི་	PART
ཏམྦུ་		NON_WORD
ར་	ར་	ADP
།		PUNCT
		
འོག་མིན་	འོག་མིན་	PROPN
མཚུར་	མཚུར་	PROPN
མདོ་	མདོ་	NOUN
འི་	གི་	PART
གནྡྷོ་		NON_WORD
ལ་	ལ་	ADP
འི་	གི་	PART
མཆོད་ཁང་	མཆོད་ཁང་	NOUN
རྣམས་	རྣམས་	DET
ཀྱི་	གི་	PART
གཙོ་	གཙོ་	NOUN
ས་	གིས་	PART
གནས་རྟེན་	གནས་རྟེན་	OTHER
ཁག་	ཁག་	NOUN
གི་	གི་	PART
གནས་ཡིག་	གནས་ཡིག་	NOUN
དཀར་ཆག་	དཀར་ཆག་	NOUN
དད་པ་	དད་པ་	VERB
འི་	གི་	PART
པདྨོ་		NON_WORD
འབྱེད་པ་	འབྱེད་པ་	VERB
འི་	གི་	PART
ཉིན་བྱེད་	ཉིན་བྱེད་	NOUN
།		PUNCT
		
སྤ་	སྤ་	NOUN
བྱང་	བྱང་	NOUN
སྨོན་ཚིག་	སྨོན་ཚིག་	OTHER
། ༈		PUNCT
རྒྱལ་དབང་	རྒྱལ་དབང་	NOUN
མཁའ་ཁྱབ་	མཁའ་ཁྱབ་	NOUN
རྡོ་རྗེ་	རྡོ་རྗེ་	NOUN
འི་	གི་	PART
བཀའ་འབུམ་	བཀའ་འབུམ་	NOUN
།		PUNCT
གླེགས་བམ་	གླེགས་བམ་	NOUN
ཏ་པ་	ཏ་པ་	OTHER
།		PUNCT
		
བདེ་བ་	བདེ་བ་	VERB
ར་	ལ་	PART
གཤེགས་པ་	གཤེགས་པ་	VERB
བསྟན་པ་	བསྟན་པ་	VERB
འི་	གི་	PART
ཡང་སྙིང་	ཡང་སྙིང་	NOUN
རིག་འཛིན་	རིག་འཛིན་	OTHER
གྱི་	གི་	PART
སྡེ་སྣོད་	སྡེ་སྣོད་	NOUN
སྔ་	སྔ་	ADV
འགྱུར་	འགྱུར་	VERB
ཟབ་མོ་	ཟབ་མོ་	ADJ
རིན་ཆེན་	རིན་ཆེན་	OTHER
གཏེར་	གཏེར་	NOUN
གྱི་	གི་	PART
མཛོད་ཆེན་པོ་	མཛོད་ཆེན་པོ་	OTHER
འི་	གི་	PART
ཆོས་སྡེ་	ཆོས་སྡེ་	NOUN
སྤ་	སྤ་	NOUN
དུ་	ལ་	PART
བསྒྲུབས་པ་	བསྒྲུབས་པ་	VERB
འི་	གི་	PART
རྟོགས་བརྗོད་	རྟོགས་བརྗོད་	NOUN
ལྷ་	ལྷ་	NOUN
འི་	གི་	PART
རྔ་བོ་	རྔ་བོ་	NOUN
ཆེ་	ཆེ་	VERB
འི་	གི་	PART
སྒྲ་དབྱངས་	སྒྲ་དབྱངས་	NOUN
རྒྱ་མཚོ་	རྒྱ་མཚོ་	NOUN
འི་	གི་	PART
སྤྲིན་	སྤྲིན་	NOUN
གྱི་	གི་	PART
བླ་བྲེ་	བླ་བྲེ་	NO_POS
།		PUNCT
		
ཟབ་མོ་	ཟབ་མོ་	ADJ
ནང་	ནང་	NOUN
གི་	གི་	PART
དོན་	དོན་	NOUN
གསལ་བ་	གསལ་བ་	VERB
ར་	ལ་	PART
སྟོན་པ་	སྟོན་པ་	NOUN
འི་	གི་	PART
གཞུང་	གཞུང་	NOUN
བདེ་བླག་	བདེ་བླག་	ADJ
ཏུ་	ལ་	PART
རྟོགས་པ་	རྟོགས་པ་	VERB
ར་	ལ་	PART
བྱེད་པ་	བྱེད་པ་	VERB
འི་	གི་	PART
མཆན་འགྲེལ་	མཆན་འགྲེལ་	NOUN
རྡོ་རྗེ་	རྡོ་རྗེ་	NOUN
སེམས་དཔ་	སེམས་དཔའ་	NOUN
འི་	གི་	PART
ཞལ་ལུང་	ཞལ་ལུང་	OTHER
ནོར་བུ་	ནོར་བུ་	NOUN
རྣམ་པ་	རྣམ་པ་	NOUN
ར་	ལ་	PART
སྣང་བ་	སྣང་བ་	VERB
དྲི་མ་	དྲི་མ་	NOUN
མེད་པ་	མེད་པ་	VERB
འི་	གི་	PART
འོད་	འོད་	NOUN
།		PUNCT
		
རྣམ་པ་	རྣམ་པ་	NOUN
ར་	ལ་	PART
ཤེས་པ་	ཤེས་པ་	VERB
དང་	དང་	NO_POS
ཡེ་ཤེས་	ཡེ་ཤེས་	NOUN
འབྱེད་པ་	འབྱེད་པ་	VERB
འི་	གི་	PART
བསྟན་བཅོས་	བསྟན་བཅོས་	NOUN
ཀྱི་	གི་	PART
མཆན་འགྲེལ་	མཆན་འགྲེལ་	NOUN
རྗེ་བཙུན་	རྗེ་བཙུན་	NOUN
འཇམ་པ་	འཇམ་པ་	VERB
འི་	གི་	PART
དབྱངས་	དབྱངས་	NOUN
ཀྱི་	གི་	PART
ཞལ་ལུང་	ཞལ་ལུང་	OTHER
ནོར་བུ་	ནོར་བུ་	NOUN
ཀེ་ཏ་ཀ་	ཀེ་ཏ་ཀ་	OTHER
དྲི་མ་	དྲི་མ་	NOUN
མེད་པ་	མེད་པ་	VERB
འི་	གི་	PART
འོད་	འོད་	NOUN
།		PUNCT
		
དེ་བཞིན་	དེ་བཞིན་	OTHER
གཤེགས་པ་	གཤེགས་པ་	VERB
འི་	གི་	PART
སྙིང་པོ་	སྙིང་པོ་	NOUN
བསྟན་པ་	བསྟན་པ་	VERB
འི་	གི་	PART
བསྟན་བཅོས་	བསྟན་བཅོས་	NOUN
ཀྱི་	གི་	PART
མཆན་འགྲེལ་	མཆན་འགྲེལ་	NOUN
འཇམ་མགོན་	འཇམ་མགོན་	OTHER
དགྱེས་པ་	དགྱེས་པ་	VERB
འི་	གི་	PART
ཞལ་ལུང་	ཞལ་ལུང་	OTHER
ནོར་བུ་	ནོར་བུ་	NOUN
དབང་	དབང་	NOUN
གི་	གི་	PART
རྒྱལ་པོ་	རྒྱལ་པོ་	NOUN
དྲི་མ་	དྲི་མ་	NOUN
མེད་པ་	མེད་པ་	VERB
འི་	གི་	PART
འོད་	འོད་	NOUN
།		PUNCT
		
གསང་བདག་	གསང་བདག་	OTHER
རྡོ་རྗེ་	རྡོ་རྗེ་	NOUN
གཏུམ་པོ་	གཏུམ་པོ་	ADJ
འི་	གི་	PART
སྔགས་	སྔགས་	NOUN
ཀྱི་	གི་	PART
སྤྱི་དོན་	སྤྱི་དོན་	NOUN
ཉུང་ངུ་	ཉུང་ངུ་	ADJ
ར་	ལ་	PART
བཤད་པ་	བཤད་པ་	VERB
རྡོ་རྗེ་	རྡོ་རྗེ་	NOUN
འི་	གི་	PART
སྤྲིན་སྒྲ་	སྤྲིན་སྒྲ་	NO_POS
།		PUNCT
		
བྱང་གཏེར་	བྱང་གཏེར་	OTHER
དགོངས་པ་	དགོངས་པ་	VERB
ཟངས་ཐལ་	ཟངས་ཐལ་	NO_POS
ལ་	ལ་	ADP
ས་	གིས་	PART
བྱུང་བ་	བྱུང་བ་	VERB
འི་	གི་	PART
ཀུན་བཟང་	ཀུན་བཟང་	ADJ
སྨོན་ལམ་	སྨོན་ལམ་	NOUN
གྱི་	གི་	PART
དོན་འགྲེལ་	དོན་འགྲེལ་	OTHER
ཉུང་ངུ་	ཉུང་ངུ་	ADJ
མཆན་བུ་	མཆན་བུ་	NOUN
འི་	གི་	PART
ཚུལ་	ཚུལ་	NOUN
གྱི་	གི་	PART
གསལ་བ་	གསལ་བ་	VERB
ར་	ལ་	PART
བཀོད་པ་	བཀོད་པ་	VERB
རྣམ་བཤད་	རྣམ་བཤད་	NOUN
ཀེ་ཏ་ཀ་	ཀེ་ཏ་ཀ་	OTHER
།		PUNCT
		
ཕས་རྒོལ་	ཕས་རྒོལ་	NOUN
འཇོམས་པ་	འཇོམས་པ་	VERB
འི་	གི་	PART
གཏམ་	གཏམ་	NOUN
རྡོ་རྗེ་	རྡོ་རྗེ་	NOUN
འི་	གི་	PART
མེ་ཆ་	མེ་ཆ་	OTHER
མ་རུངས་	མ་རུངས་	NO_POS
ཀླད་	ཀླད་	NOUN
འགེམས་	འགེམས་	NO_POS
ཡང་དག་	ཡང་དག་	ADJ
སྣང་བ་	སྣང་བ་	VERB
འི་	གི་	PART
དགའ་སྟོན་	དགའ་སྟོན་	NOUN
།		PUNCT
		
		
ཆོ་	ཆོ་	NOUN
ལྟ་	ལྟ་	OTHER
བཅོས་པ་	བཅོས་པ་	VERB
འི་	གི་	PART
སྐྱེ་བོ་	སྐྱེ་བོ་	NOUN
རྨོངས་པ་	རྨོངས་པ་	VERB
འི་	གི་	PART
ལོག་རྟོག་	ལོག་རྟོག་	OTHER
སྨྲེ་	སྨྲེ་	NO_POS
ངག་	ངག་	NOUN
གི་	གི་	PART
མུན་པ་	མུན་པ་	NOUN
འཇོམས་པ་	འཇོམས་པ་	VERB
འི་	གི་	PART
གཏམ་	གཏམ་	NOUN
གཉིས་པ་	གཉིས་པ་	NUM
རྡོ་རྗེ་	རྡོ་རྗེ་	NOUN
འི་	གི་	PART
འོད་ཟེར་	འོད་ཟེར་	NOUN
བརྒྱ་པ་	བརྒྱ་པ་	NUM
འི་	གི་	PART
ཉིན་བྱེད་	ཉིན་བྱེད་	NOUN
།		PUNCT
		
ཝ་སྐྱེས་	ཝ་སྐྱེས་	OTHER
དང་	དང་	NO_POS
ཁྭ་ཏ་	ཁྭ་ཏ་	NOUN
ལྟ་བུ་	ལྟ་བུ་	NOUN
འི་	གི་	PART
གང་ཟག་	གང་ཟག་	NOUN
དམར་	དམར་	VERB
རྒྱན་	རྒྱན་	NOUN
ཟོག་པོ་	ཟོག་པོ་	NOUN
ར་	ལ་	PART
བརྫུ་བ་	བརྫུ་བ་	NO_POS
འི་	གི་	PART
གཏི་མུག་	གཏི་མུག་	NOUN
གི་	གི་	PART
འཆལ་གཏམ་	འཆལ་གཏམ་	OTHER
འཇོམས་བྱེད་	འཇོམས་བྱེད་	NO_POS
རྣམ་པ་	རྣམ་པ་	NOUN
ར་	ལ་	PART
སྣང་	སྣང་	VERB
མཛད་	མཛད་	VERB
ཁྲོས་པ་	ཁྲོས་པ་	VERB
ཆེ་མཆོག་	ཆེ་མཆོག་	OTHER
གཏུམ་པོ་	གཏུམ་པོ་	ADJ
འི་	གི་	PART
དྲག་སྔགས་	དྲག་སྔགས་	NOUN
།		PUNCT
		
སྣང་ཚུལ་	སྣང་ཚུལ་	VERB
སྟོན་པ་	སྟོན་པ་	NOUN
འི་	གི་	PART
གླུ་	གླུ་	NOUN
སྐྱེན་པོ་	སྐྱེན་པོ་	NO_POS
འི་	གི་	PART
མདའ་	མདའ་	NOUN
ཡི་	གི་	PART
ཤུལ་ལམ་	ཤུལ་ལམ་	OTHER
།		PUNCT
		
གཞན་	གཞན་	DET
གྱིས་	གིས་	PART
དྲི་བ་	དྲི་བ་	VERB
ཁག་	ཁག་	NOUN
གི་	གི་	PART
ལན་ལྡོན་	ལན་ལྡོན་	NO_POS
དུ་	ལ་	PART
གྱིས་པ་	གྱིས་པ་	PART
སྦྲང་རྩི་	སྦྲང་རྩི་	NOUN
འི་	གི་	PART
ཆུ་རྒྱུན་	ཆུ་རྒྱུན་	NOUN
།		PUNCT
		
ཞལ་གདམས་	ཞལ་གདམས་	NOUN
སུ་	ལ་	PART
བཏགས་པ་	བཏགས་པ་	VERB
འི་	གི་	PART
སྨྱོན་	སྨྱོན་	NO_POS
ཚིག་	ཚིག་	NOUN
ནམ་མཁ་	ནམ་མཁའ་	NOUN
འི་	གི་	PART
སྤྲིན་སྒྲ་	སྤྲིན་སྒྲ་	NO_POS
།		PUNCT
		
ངེས་དོན་	ངེས་དོན་	NOUN
ཕྱག་རྒྱ་	ཕྱག་རྒྱ་	NOUN
ཆེན་པོ་	ཆེན་པོ་	ADJ
གནད་	གནད་	NOUN
གདམས་	གདམས་	NOUN
རང་རིག་	རང་རིག་	NO_POS
གཅེ་	གཅེ་	NO_POS
ར་	ལ་	PART
མཐོང་	མཐོང་	VERB
།		PUNCT
		
ཞལ་གདམས་	ཞལ་གདམས་	NOUN
།		PUNCT
		
དཔེ་	དཔེ་	NOUN
ཐོག་	ཐོག་	NOUN
བྲོ་	བྲོ་	VERB
བརྡུང་	བརྡུང་	NO_POS
གོ་	གོ་	PART
སྐམ་	སྐམ་	VERB
གྱི་	གི་	PART
སྣང་ཚུལ་	སྣང་ཚུལ་	VERB
སོགས་	སོགས་	DET
གང་	གང་	NO_POS
དྲན་	དྲན་	VERB
ཡི་གེ་	ཡི་གེ་	NOUN
ར་	ལ་	PART
བཏབ་པ་	བཏབ་པ་	VERB
རང་	རང་	PRON
མཚང་	མཚང་	NOUN
སྟོན་པ་	སྟོན་པ་	NOUN
འི་	གི་	PART
གླུ་ཆུང་	གླུ་ཆུང་	NO_POS
ནམ་མཁ་	ནམ་མཁའ་	NOUN
འི་	གི་	PART
མེ་ཏོག་	མེ་ཏོག་	NOUN
གཞོན་ནུ་	གཞོན་ནུ་	ADJ
འི་	གི་	PART
ལྡིང་ཁང་	ལྡིང་ཁང་	NOUN
།		PUNCT
		
སྤ་	སྤ་	NOUN
བྱང་	བྱང་	NOUN
སྨོན་ཚིག་	སྨོན་ཚིག་	OTHER
། ༈		PUNCT
རྒྱལ་དབང་	རྒྱལ་དབང་	NOUN
མཁའ་ཁྱབ་	མཁའ་ཁྱབ་	NOUN
རྡོ་རྗེ་	རྡོ་རྗེ་	NOUN
འི་	གི་	PART
བཀའ་འབུམ་	བཀའ་འབུམ་	NOUN
།		PUNCT
གླེགས་བམ་	གླེགས་བམ་	NOUN
ཨ་པ་	ཨ་པ་	OTHER
།		PUNCT
		
		
ཀར་ལུགས་	ཀར་ལུགས་	NO_POS
ཆོས་སྤྱོད་	ཆོས་སྤྱོད་	NOUN
རབ་གསལ་	རབ་གསལ་	PROPN
དང་	དང་	NO_POS
འདོན་ཆོག་	འདོན་ཆོག་	OTHER
རྣམས་	རྣམས་	DET
ཀྱི་	གི་	PART
ཁ་སྐོང་	ཁ་སྐོང་	NOUN
སྐོར་	སྐོར་	NOUN
།		PUNCT
		
		
གསང་	གསང་	VERB
ཐིག་	ཐིག་	NOUN
སྙིང་པོ་	སྙིང་པོ་	NOUN
སྐོར་	སྐོར་	NOUN
གསུམ་	གསུམ་	NUM
གྱི་	གི་	PART
བརྒྱུད་	བརྒྱུད་	NO_POS
འདེབས་	འདེབས་	VERB
བྱིན་རླབས་	བྱིན་རླབས་	NOUN
སྙིང་པོ་	སྙིང་པོ་	NOUN
།		PUNCT
		
བླ་མ་	བླ་མ་	NOUN
དྲག་པོ་	དྲག་པོ་	ADJ
རཀྴ་		NON_WORD
ཐོད་ཕྲེང་	ཐོད་ཕྲེང་	NO_POS
གི་	གི་	PART
བརྒྱུད་	བརྒྱུད་	NO_POS
འདེབས་	འདེབས་	VERB
།		PUNCT
		
འཇམ་མགོན་	འཇམ་མགོན་	OTHER
ཆོ་	ཆོ་	NOUN
ཀྱི་	གི་	PART
རྒྱལ་པོ་	རྒྱལ་པོ་	NOUN
འི་	གི་	PART
ཟབ་	ཟབ་	VERB
གཏེར་	གཏེར་	NOUN
ཚིག་	ཚིག་	NOUN
བདུན་	བདུན་	NUM
བླ་	བླ་	NOUN
སྒྲུབ་	སྒྲུབ་	VERB
ཡབ་	ཡབ་	NOUN
བཀའ་	བཀའ་	NOUN
ཡུམ་	ཡུམ་	NOUN
བཀའ་	བཀའ་	NOUN
གཉིས་	གཉིས་	NUM
འདུ་	འདུ་	VERB
ཀྱི་	གི་	PART
བརྒྱུད་པ་	བརྒྱུད་པ་	VERB
འི་	གི་	PART
གསོལ་འདེབས་	གསོལ་འདེབས་	NOUN
དངོས་གྲུབ་	དངོས་གྲུབ་	NOUN
འདོད་འཇོ་	འདོད་འཇོ་	OTHER
།		PUNCT
		
འཇའ་ཚོན་	འཇའ་ཚོན་	NOUN
དཀོན་མཆོག་	དཀོན་མཆོག་	NOUN
སྤྱི་	སྤྱི་	DET
འདུ་	འདུ་	VERB
ཀྱི་	གི་	PART
བརྒྱུད་	བརྒྱུད་	NO_POS
འདེབས་	འདེབས་	VERB
བྱིན་རླབས་	བྱིན་རླབས་	NOUN
ལྕགས་ཀྱུ་	ལྕགས་ཀྱུ་	NOUN
འི་	གི་	PART
ཁ་སྐོང་	ཁ་སྐོང་	NOUN
།		PUNCT
		
ས་	ས་	ADP
སློང་	སློང་	VERB
གི་	གི་	PART
ཆོ་ག་	ཆོ་ག་	NOUN
མདོར་བསྡུས་	མདོར་བསྡུས་	OTHER
།		PUNCT
		
རི་ཁྲོད་	རི་ཁྲོད་	NOUN
རྣལ་འབྱོར་པ་	རྣལ་འབྱོར་པ་	NOUN
དག་	དག་	DET
དགེ་སྦྱོར་	དགེ་སྦྱོར་	NOUN
མཚམས་	མཚམས་	NOUN
རྒྱ་	རྒྱ་	NOUN
འི་	གི་	PART
སྐབས་	སྐབས་	NOUN
ཀྱི་	གི་	PART
སྔོན་རྗེས་	སྔོན་རྗེས་	NO_POS
ལ་ཉེ་	ལ་ཉེ་	NO_POS
ར་	ལ་	PART
མཁོ་	མཁོ་	NO_POS
འི་	གི་	PART
ཡི་གེ་	ཡི་གེ་	NOUN
ཐོར་བུ་	ཐོར་བུ་	OTHER
དཔག་བསམ་	དཔག་བསམ་	OTHER
གྱི་	གི་	PART
ཡལ་ག་	ཡལ་ག་	NOUN
།		PUNCT
		
སྔ་	སྔ་	ADV
འགྱུར་	འགྱུར་	VERB
རྡོ་རྗེ་	རྡོ་རྗེ་	NOUN
ཐེག་པ་	ཐེག་པ་	NOUN
འི་	གི་	PART
སྒྲུབ་པ་	སྒྲུབ་པ་	VERB
སྤྱི་	སྤྱི་	DET
ལ་	ལ་	PART
མཁོ་བ་	མཁོ་བ་	VERB
འི་	གི་	PART
མན་ངག་	མན་ངག་	NOUN
གནད་	གནད་	NOUN
ཀྱི་	གི་	PART
སྒྲོམ་བུ་	སྒྲོམ་བུ་	NOUN
།		PUNCT
		
ཉེ་	ཉེ་	NUM
མཁོ་	མཁོ་	NO_POS
འི་	གི་	PART
ཆོས་སྤྱོད་	ཆོས་སྤྱོད་	NOUN
དང་	དང་	NO_POS
གཞན་ཕན་	གཞན་ཕན་	OTHER
མཛད་	མཛད་	VERB
ལུགས་	ལུགས་	NOUN
ཀྱི་	གི་	PART
ཟིན་ཐོ་	ཟིན་ཐོ་	OTHER
ཉུང་ངུ་	ཉུང་ངུ་	ADJ
རིན་ཆེན་	རིན་ཆེན་	OTHER
སྙེ་མ་	སྙེ་མ་	NOUN
།		PUNCT
		
གསོལ་འདེབས་	གསོལ་འདེབས་	NOUN
རྡོ་		
ཏཻ་		NON_WORD
མ་	མ་	PART
འི་	གི་	PART
དོན་	དོན་	NOUN
ཁྲིད་	ཁྲིད་	VERB
།		PUNCT
		
ཀཾ་		NON_WORD
ཚང་	ཚང་	VERB
རང་ལུགས་	རང་ལུགས་	NOUN
ཀྱི་	གི་	PART
སྔོན་འགྲོ་	སྔོན་འགྲོ་	NOUN
འབུམ་	འབུམ་	NUM
བཞི་	བཞི་	NUM
འི་	གི་	PART
འདོན་	འདོན་	VERB
ཟིན་	ཟིན་	VERB
།		PUNCT
		
ཇ་མཆོད་	ཇ་མཆོད་	NO_POS
།		PUNCT
		
ཉང་	ཉང་	OTHER
གཏེར་	གཏེར་	NOUN
མིག་	མིག་	NOUN
འབྱེད་	འབྱེད་	VERB
ལ་	ལ་	ADP
ས་	གིས་	PART
ཉེ་	ཉེ་	NUM
མཁོ་	མཁོ་	NO_POS
བཏུས་པ་	བཏུས་པ་	VERB
།		PUNCT
		
སྒྲོལ་	སྒྲོལ་	VERB
དཀ་	དཀའ་	VERB
ར་	ལ་	PART
བསྙེན་	བསྙེན་	VERB
ཟིན་	ཟིན་	VERB
།		PUNCT
		
སེམས་སྡེ་	སེམས་སྡེ་	NO_POS
འི་	གི་	PART
དབང་	དབང་	NOUN
ཟིན་	ཟིན་	VERB
།		PUNCT
		
བདེ་མཆོག་	བདེ་མཆོག་	PROPN
མཁའ་འགྲོ་	མཁའ་འགྲོ་	NOUN
འི་	གི་	PART
གཏོ་	གཏོ་	VERB
ཆེན་	ཆེན་	NO_POS
སྐབས་	སྐབས་	NOUN
དམིགས་	དམིགས་	VERB
གསལ་	གསལ་	VERB
གྱི་	གི་	PART
འདོད་དོན་	འདོད་དོན་	NOUN
གསོལ་བ་	གསོལ་བ་	VERB
འི་	གི་	PART
ཕྲིན་བཅོལ་	ཕྲིན་བཅོལ་	NO_POS
།		PUNCT
		
རྩ་	རྩ་	NUM
གསུམ་	གསུམ་	NUM
བླ་མ་	བླ་མ་	NOUN
འི་	གི་	PART
དཀྱིལ་འཁོར་པ་	དཀྱིལ་འཁོར་པ་	NOUN
ར་	ལ་	PART
གནས་ཆེན་	གནས་ཆེན་	NOUN
བྱིན་	བྱིན་	VERB
འབེབས་	འབེབས་	VERB
དང་	དང་	NO_POS
འབྲེལ་བ་	འབྲེལ་བ་	VERB
འི་	གི་	PART
དངོས་གྲུབ་	དངོས་གྲུབ་	NOUN
འདོད་དོན་	འདོད་དོན་	NOUN
གསོལ་བ་	གསོལ་བ་	VERB
ཡིད་བཞིན་	ཡིད་བཞིན་	OTHER
ནོར་བུ་	ནོར་བུ་	NOUN
།		PUNCT
		
གཞི་བདག་	གཞི་བདག་	NOUN
རྟེན་	རྟེན་	NOUN
བཀོལ་	བཀོལ་	NO_POS
སྟབས་	སྟབས་	NOUN
བདེ་	བདེ་	VERB
འི་	གི་	PART
འདོན་	འདོན་	VERB
ཟིན་	ཟིན་	VERB
།		PUNCT
		
		
དམ་བསྒྲགས་	དམ་བསྒྲགས་	NO_POS
འདོན་	འདོན་	VERB
ཟིན་	ཟིན་	VERB
།		PUNCT
		
ཁྲུས་གསོལ་	ཁྲུས་གསོལ་	OTHER
།		PUNCT
		
བདེ་བ་	བདེ་བ་	VERB
ར་	ལ་	PART
གཤེགས་པ་	གཤེགས་པ་	VERB
འི་	གི་	PART
རྟེན་	རྟེན་	NOUN
རྙིང་པ་	རྙིང་པ་	VERB
ཉམས་གསོ་	ཉམས་གསོ་	OTHER
འི་	གི་	PART
སྐབས་	སྐབས་	NOUN
སུ་	ལ་	PART
ཉེ་བ་		
མཁོ་བ་	མཁོ་བ་	VERB
འི་	གི་	PART
ཨརྒའི་		NON_WORD
ཆོ་ག་	ཆོ་ག་	NOUN
བཀླག་	བཀླག་	VERB
ཆོག་	ཆོག་	VERB
ཏུ་	ལ་	PART
བཀོད་པ་	བཀོད་པ་	VERB
ནོར་བུ་	ནོར་བུ་	NOUN
དཔལ་	དཔལ་	OTHER
གྱི་	གི་	PART
སྙིང་པོ་	སྙིང་པོ་	NOUN
འི་	གི་	PART
མེ་ལོང་	མེ་ལོང་	NOUN
ཚོགས་	ཚོགས་	NOUN
གཉིས་	གཉིས་	NUM
རྒྱ་མཚོ་	རྒྱ་མཚོ་	NOUN
འི་	གི་	PART
དྲྭ་བ་	དྲྭ་བ་	NON_WORD
དཀྲིགས་པ་	དཀྲིགས་པ་	VERB
འི་	གི་	PART
རྒྱན་	རྒྱན་	NOUN
།		PUNCT
		
གཟུངས་	གཟུངས་	NOUN
སྒྲུབ་	སྒྲུབ་	VERB
།		PUNCT
		
སྐོང་	སྐོང་	NO_POS
ཆོག་	ཆོག་	VERB
འདོན་	འདོན་	VERB
ཟིན་	ཟིན་	VERB
།		PUNCT
		
བསླབ་པ་	བསླབ་པ་	VERB
འབུལ་བ་	འབུལ་བ་	VERB
འི་	གི་	PART
སྔགས་	སྔགས་	NOUN
།		PUNCT
		
འཆི་བ་	འཆི་བ་	VERB
བསླུ་བ་	བསླུ་བ་	VERB
འི་	གི་	PART
ཆོ་ག་	ཆོ་ག་	NOUN
མདོར་བསྡུས་པ་	མདོར་བསྡུས་པ་	OTHER
འཆི་བདག་	འཆི་བདག་	NOUN
གཡུལ་	གཡུལ་	NOUN
འཇོམས་	འཇོམས་	NO_POS
།		PUNCT
		
གཤིན་པོ་	གཤིན་པོ་	ADJ
འདྲེ་	འདྲེ་	NOUN
ར་	ལ་	PART
མི་	མི་	PART
འོང་བ་	འོང་བ་	VERB
འི་	གི་	PART
ཤོག་དྲིལ་	ཤོག་དྲིལ་	NOUN
གསལ་བ་	གསལ་བ་	VERB
ར་	ལ་	PART
བྱས་པ་	བྱས་པ་	VERB
།		PUNCT
		
ནམ་	གམ་	PART
སྙིང་	སྙིང་	NOUN
ཚེ་འགུགས་	ཚེ་འགུགས་	OTHER
།		PUNCT
		
གཏད་	གཏད་	VERB
ཁྲོལ་	ཁྲོལ་	VERB
འཕེན་པ་	འཕེན་པ་	VERB
འི་	གི་	PART
སྐབས་	སྐབས་	NOUN
ཀྱི་	གི་	PART
བདེན་	བདེན་	VERB
བརྗོད་	བརྗོད་	VERB
དམོད་	དམོད་	NO_POS
བྱང་	བྱང་	NOUN
ཉུང་ངུ་	ཉུང་ངུ་	ADJ
།		PUNCT
		
ཟླ་འཛིན་	ཟླ་འཛིན་	NO_POS
བཤད་པ་	བཤད་པ་	VERB
།		PUNCT
		
མི་	མི་	PART
ཏྲིའི་		NON_WORD
ཚོགས་མཆོད་	ཚོགས་མཆོད་	NOUN
།		PUNCT
		
འཁོར་ལོ་	འཁོར་ལོ་	NOUN
འི་	གི་	PART
འདོན་	འདོན་	VERB
གསོལ་	གསོལ་	VERB
།		PUNCT
		
མཆོག་	མཆོག་	ADJ
གླིང་	གླིང་	NOUN
ཟབ་	ཟབ་	VERB
བདུན་	བདུན་	NUM
རྡོ་རྗེ་	རྡོ་རྗེ་	NOUN
ཕུར་པ་	ཕུར་པ་	NOUN
འི་	གི་	PART
སྨད་	སྨད་	NOUN
ལ་	ལ་	ADP
ས་	གིས་	PART
དྲག་པོ་	དྲག་པོ་	ADJ
འི་	གི་	PART
གདབ་	གདབ་	NO_POS
ཁ་	ཁ་	PRON
དང་	དང་	NO_POS
འབྲེལ་བ་	འབྲེལ་བ་	VERB
འི་	གི་	PART
ག་	ག་	NOUN
གྱི་	གི་	PART
ཡི་གེ་	ཡི་གེ་	NOUN
རིག་འཛིན་	རིག་འཛིན་	OTHER
བརྒྱུད་པ་	བརྒྱུད་པ་	VERB
འི་	གི་	PART
ཞལ་ལུང་	ཞལ་ལུང་	OTHER
འཁྲུལ་	འཁྲུལ་	NO_POS
མེད་	མེད་	VERB
དུ་	ལ་	PART
བཀོད་པ་	བཀོད་པ་	VERB
		
མཁྱེན་	མཁྱེན་	VERB
དགོངས་	དགོངས་	VERB
དམོད་	དམོད་	NO_POS
བཅོལ་	བཅོལ་	NO_POS
དུག་	དུག་	NOUN
མཚོ་	མཚོ་	NOUN
ཁོལ་མ་	ཁོལ་མ་	ADJ
འི་	གི་	PART
སྒྲ་དབྱངས་	སྒྲ་དབྱངས་	NOUN
།		PUNCT
		
རྒྱལ་	རྒྱལ་	VERB
དབྱངས་	དབྱངས་	NOUN
རྣམ་པ་	རྣམ་པ་	NOUN
ར་	ལ་	PART
རྒྱལ་བ་	རྒྱལ་བ་	NOUN
འི་	གི་	PART
ལྷ་	ལྷ་	NOUN
འི་	གི་	PART
རྔ་བོ་	རྔ་བོ་	NOUN
ཆེ་	ཆེ་	VERB
།		PUNCT
		
ཕྱག་རྡོར་	ཕྱག་རྡོར་	PROPN
ཞིང་	ཅིང་	PART
བཀོད་	བཀོད་	VERB
ཀྱི་	གི་	PART
ཐང་སྐུ་	ཐང་སྐུ་	NO_POS
བྲི་	བྲི་	NO_POS
ཐབས་	ཐབས་	NOUN
།		PUNCT
		
ཞྭ་ནག་	ཞྭ་ནག་	NO_POS
དཔེའུ་རིས་	དཔེའུ་རིས་	OTHER
།		PUNCT
		
བདེ་བ་	བདེ་བ་	VERB
ར་	ལ་	PART
གཤེགས་པ་	གཤེགས་པ་	VERB
འི་	གི་	PART
ཆོས་སྐུ་	ཆོས་སྐུ་	NOUN
འི་	གི་	PART
རྟེན་	རྟེན་	NOUN
མཆོག་	མཆོག་	ADJ
བྱང་ཆུབ་	བྱང་ཆུབ་	NOUN
ཆེན་པོ་	ཆེན་པོ་	ADJ
མཆོད་སྡོང་	མཆོད་སྡོང་	NOUN
གི་	གི་	PART
ཆ་	ཆ་	NOUN
ཚད་	ཚད་	NOUN
ཞིབ་མོ་	ཞིབ་མོ་	ADJ
ར་	ལ་	PART
བཀོད་པ་	བཀོད་པ་	VERB
ཚངས་པ་	ཚངས་པ་	PROPN
འི་	གི་	PART
མེ་ལོང་	མེ་ལོང་	NOUN
།		PUNCT
		
དཔལ་	དཔལ་	OTHER
ཡེ་ཤེས་	ཡེ་ཤེས་	NOUN
ཀྱི་	གི་	PART
མགོན་པོ་	མགོན་པོ་	NOUN
རྡོ་རྗེ་	རྡོ་རྗེ་	NOUN
བེར་ནག་པོ་	བེར་ནག་པོ་	NO_POS
ཅན་	ཅན་	PART
གྱི་	གི་	PART
ལོ་རྒྱུས་	ལོ་རྒྱུས་	NOUN
ཀུན་	ཀུན་	DET
གྱི་	གི་	PART
སྤྱོད་ཡུལ་	སྤྱོད་ཡུལ་	NOUN
མ་ཡིན་པ་	མ་ཡིན་པ་	OTHER
འི་	གི་	PART
མཆོག་	མཆོག་	ADJ
གསང་	གསང་	VERB
གསལ་བ་	གསལ་བ་	VERB
ར་	ལ་	PART
བསྒྲགས་པ་	བསྒྲགས་པ་	VERB
ངོ་མཚར་	ངོ་མཚར་	ADJ
རྒྱ་མཚོ་	རྒྱ་མཚོ་	NOUN
སྤྲིན་	སྤྲིན་	NOUN
གྱི་	གི་	PART
རྔ་བོ་	རྔ་བོ་	NOUN
ཆེ་	ཆེ་	VERB
།		PUNCT
		
		
དཔལ་	དཔལ་	OTHER
ཡེ་ཤེས་	ཡེ་ཤེས་	NOUN
ཀྱི་	གི་	PART
མགོན་པོ་	མགོན་པོ་	NOUN
ལྕམ་དྲལ་	ལྕམ་དྲལ་	NOUN
གྱི་	གི་	PART
བྱིན་རླབས་	བྱིན་རླབས་	NOUN
གཏོར་མ་	གཏོར་མ་	NOUN
འི་	གི་	PART
དབང་	དབང་	NOUN
བསྐུར་	བསྐུར་	NO_POS
གྱི་	གི་	PART
ཡི་གེ་	ཡི་གེ་	NOUN
རྡོ་རྗེ་	རྡོ་རྗེ་	NOUN
འི་	གི་	PART
འོད་	འོད་	NOUN
ཀྱི་	གི་	PART
དྲྭ་བ་	དྲྭ་བ་	NON_WORD
།		PUNCT
		
དཔལ་	དཔལ་	OTHER
མ་	མ་	PART
ཧཱ་		NON_WORD
ཀཱ་	ཀཱ་	NO_POS
ལ་	ལ་	PART
ཞལ་	ཞལ་	NOUN
སྦྱོར་	སྦྱོར་	VERB
གྱི་	གི་	PART
བསྙེན་	བསྙེན་	VERB
ཡིག་	ཡིག་	NOUN
རིན་པོ་ཆེ་	རིན་པོ་ཆེ་	ADJ
བཻ་	བཻ་	NO_POS
ཌཱུརྻའི་		NON_WORD
ཕྲེང་བ་	ཕྲེང་བ་	NOUN
རྣལ་འབྱོར་	རྣལ་འབྱོར་	NOUN
ཡིད་	ཡིད་	NOUN
ཀྱི་	གི་	PART
མཛེ་	མཛེ་	VERB
རྒྱན་	རྒྱན་	NOUN
།		PUNCT
		
རྗེ་བཙུན་	རྗེ་བཙུན་	NOUN
མ་	མ་	PART
ཧཱ་		NON_WORD
ཀཱ་ལི་	ཀཱ་ལི་	OTHER
རྣལ་འབྱོར་པ་	རྣལ་འབྱོར་པ་	NOUN
ས་	གིས་	PART
སྐུ་	སྐུ་	NOUN
མགོན་	མགོན་	NOUN
དཀར་པོ་	དཀར་པོ་	ADJ
ཚེ་	ཚེ་	NOUN
མགོན་	མགོན་	NOUN
ཡིད་བཞིན་	ཡིད་བཞིན་	OTHER
ནོར་བུ་	ནོར་བུ་	NOUN
འི་	གི་	PART
སྒོ་	སྒོ་	NOUN
ན་	ནས་	PART
ཚེ་སྒྲུབ་པ་	ཚེ་སྒྲུབ་པ་	NOUN
འི་	གི་	PART
ཕྲིན་ལས་	ཕྲིན་ལས་	NOUN
ཀྱི་	གི་	PART
ཡི་གེ་	ཡི་གེ་	NOUN
འཆི་མེད་	འཆི་མེད་	NOUN
རྡོ་རྗེ་	རྡོ་རྗེ་	NOUN
འི་	གི་	PART
སྲོག་	སྲོག་	NOUN
མཁའ་	མཁའ་	NOUN
།		PUNCT
		
དཔལ་	དཔལ་	OTHER
ཡེ་ཤེས་	ཡེ་ཤེས་	NOUN
ཀྱི་	གི་	PART
མགོན་པོ་	མགོན་པོ་	NOUN
བེར་ནག་	བེར་ནག་	NO_POS
ཅན་	ཅན་	PART
ཡོན་ཏན་	ཡོན་ཏན་	NOUN
གྱི་	གི་	PART
མགོན་པོ་	མགོན་པོ་	NOUN
ལྟ་	ལྟ་	OTHER
སྒྲུབ་པ་	སྒྲུབ་པ་	VERB
འི་	གི་	PART
ཆོ་ག་	ཆོ་ག་	NOUN
སྲིད་	སྲིད་	NOUN
གསུམ་	གསུམ་	NUM
འགུགས་པ་	འགུགས་པ་	VERB
འི་	གི་	PART
ལྕགས་	ལྕགས་	NOUN
སྐྱུ་	སྐྱུ་	NO_POS
མྱུར་	མྱུར་	VERB
མགྱོགས་	མགྱོགས་	VERB
ཀློག་	ཀློག་	VERB
གི་	གི་	PART
ཞགས་པ་	ཞགས་པ་	NOUN
།		PUNCT
		
དཔལ་	དཔལ་	OTHER
ཡེ་ཤེས་	ཡེ་ཤེས་	NOUN
ཀྱི་	གི་	PART
མགོན་པོ་	མགོན་པོ་	NOUN
འི་	གི་	PART
གཡང་	གཡང་	NOUN
ཆོག་	ཆོག་	VERB
གི་	གི་	PART
ལྷན་ཐབས་	ལྷན་ཐབས་	OTHER
རིན་ཆེན་	རིན་ཆེན་	OTHER
གསལ་བ་	གསལ་བ་	VERB
འི་	གི་	PART
མེ་ལོང་	མེ་ལོང་	NOUN
འདོད་འཇོ་	འདོད་འཇོ་	OTHER
འི་	གི་	PART
བུམ་	བུམ་	NOUN
བཟང་	བཟང་	VERB
།		PUNCT
		
དཔལ་	དཔལ་	OTHER
ཡེ་ཤེས་	ཡེ་ཤེས་	NOUN
ཀྱི་	གི་	PART
མགོན་པོ་	མགོན་པོ་	NOUN
ལྕམ་དྲལ་	ལྕམ་དྲལ་	NOUN
གྱི་	གི་	PART
གཡང་	གཡང་	NOUN
འགུགས་	འགུགས་	NO_POS
མྱུར་	མྱུར་	VERB
མགྱོགས་	མགྱོགས་	VERB
གློག་	གློག་	NOUN
གི་	གི་	PART
ཞགས་པ་	ཞགས་པ་	NOUN
།		PUNCT
		
		
ཡོན་ཏན་	ཡོན་ཏན་	NOUN
གྱི་	གི་	PART
མགོན་པོ་	མགོན་པོ་	NOUN
སྒྲུབ་ཐབས་	སྒྲུབ་ཐབས་	NOUN
ཀྱི་	གི་	PART
ཟིན་བྲིས་	ཟིན་བྲིས་	OTHER
བལྟས་་	བལྟས་པ་	VERB
ས་	གིས་	PART
ཁོང་ཆུད་	ཁོང་ཆུད་	NO_POS
མ་རིག་	མ་རིག་	NOUN
མུན་སེལ་	མུན་སེལ་	NOUN
བཻ་	བཻ་	NO_POS
ཌཱུའི་		NON_WORD
བུམ་	བུམ་	NOUN
བཟང་	བཟང་	VERB
།		PUNCT
		
བེར་	བེར་	NOUN
ཅན་	ཅན་	PART
དམོད་	དམོད་	NO_POS
བྱང་	བྱང་	NOUN
།		PUNCT
		
སྒྲུབ་བརྒྱུད་	སྒྲུབ་བརྒྱུད་	NOUN
ཀརྨ་	ཀརྨ་	NO_POS
ཀཾ་		NON_WORD
ཚང་	ཚང་	VERB
གི་	གི་	PART
བསྟན་སྲུང་	བསྟན་སྲུང་	OTHER
རྗེ་བཙུན་	རྗེ་བཙུན་	NOUN
ནག་པོ་	ནག་པོ་	ADJ
ཆེན་པོ་	ཆེན་པོ་	ADJ
ལྕམ་དྲལ་	ལྕམ་དྲལ་	NOUN
གྱི་	གི་	PART
སྒྲུབ་པ་	སྒྲུབ་པ་	VERB
འི་	གི་	PART
སྔོན་འགྲོ་	སྔོན་འགྲོ་	NOUN
ས་	ས་	ADP
དང་	དང་	NO_POS
ཐིག་ཚོན་	ཐིག་ཚོན་	NO_POS
གྱི་	གི་	PART
ཆོ་ག་	ཆོ་ག་	NOUN
གསལ་བ་	གསལ་བ་	VERB
ར་	ལ་	PART
བྱེད་པ་	བྱེད་པ་	VERB
རྡོ་རྗེ་	རྡོ་རྗེ་	NOUN
འི་	གི་	PART
ཕྲེང་བ་	ཕྲེང་བ་	NOUN
།		PUNCT
		
བཅོམ་ལྡན་འདས་	བཅོམ་ལྡན་འདས་	NOUN
རྡོ་རྗེ་	རྡོ་རྗེ་	NOUN
བེར་	བེར་	NOUN
ཅན་	ཅན་	PART
ལྕམ་དྲལ་	ལྕམ་དྲལ་	NOUN
གྱི་	གི་	PART
རྣོ་	རྣོ་	VERB
མྱུར་	མྱུར་	VERB
དྲག་པོ་	དྲག་པོ་	ADJ
འི་	གི་	PART
ལ་	ལ་	ADP
ས་	གིས་	PART
མཐའ་	མཐའ་	NOUN
བསྲེག་པ་	བསྲེག་པ་	VERB
ཧོཾ་		NON_WORD
ཀྱི་	གི་	PART
མན་ངག་	མན་ངག་	NOUN
རྡོ་རྗེ་	རྡོ་རྗེ་	NOUN
འི་	གི་	PART
མེ་འོབས་	མེ་འོབས་	NOUN
བསྟན་དགྲ་	བསྟན་དགྲ་	NO_POS
ཚར་གཅོད་	ཚར་གཅོད་	NOUN
ཕྲིན་ལས་	ཕྲིན་ལས་	NOUN
ལྷུན་གྲུབ་	ལྷུན་གྲུབ་	OTHER
།		PUNCT
		
བེར་	བེར་	NOUN
ཅན་	ཅན་	PART
དྲག་	དྲག་	VERB
སྲེག་	སྲེག་	NO_POS
སྐབས་	སྐབས་	NOUN
ཉེ་	ཉེ་	NUM
མཁོ་	མཁོ་	NO_POS
འི་	གི་	PART
བཞེས་	བཞེས་	VERB
འབོད་	འབོད་	VERB
།		PUNCT
		
ཀཾ་		NON_WORD
ཚང་	ཚང་	VERB
དོན་	དོན་	NOUN
བརྒྱུད་	བརྒྱུད་	NO_POS
ཀྱི་	གི་	PART
ཐུགས་དམ་	ཐུགས་དམ་	NOUN
རྒྱལ་བ་	རྒྱལ་བ་	NOUN
རྒྱ་མཚོ་	རྒྱ་མཚོ་	NOUN
ལྷ་	ལྷ་	NOUN
དགུ་	དགུ་	NUM
འི་	གི་	PART
ཡང་གསང་	ཡང་གསང་	OTHER
སྒྲུབ་པ་	སྒྲུབ་པ་	VERB
རྒྱུན་	རྒྱུན་	NOUN
གྱི་	གི་	PART
ཉམས་ལེན་	ཉམས་ལེན་	NOUN
ཁྱེ་	ཁྱེ་	VERB
བདེ་	བདེ་	VERB
བཀོད་པ་	བཀོད་པ་	VERB
ཡེ་ཤེས་	ཡེ་ཤེས་	NOUN
རྒྱ་མཚོ་	རྒྱ་མཚོ་	NOUN
མཐའ་	མཐའ་	NOUN
ཡ་		
།		PUNCT
		
འདའ་ཁ་	འདའ་ཁ་	NO_POS
འི་	གི་	PART
གླུ་	གླུ་	NOUN
སྐྱེ་བོ་	སྐྱེ་བོ་	NOUN
འི་	གི་	PART
རྣ་རྒྱན་	རྣ་རྒྱན་	OTHER
ཆུ་ཤིང་	ཆུ་ཤིང་	OTHER
མེ་ཏོག་	མེ་ཏོག་	NOUN
བརྡའ་	བརྡའ་	OTHER
ཐིམ་	ཐིམ་	NO_POS
།		PUNCT
		
བསྔོ་བ་	བསྔོ་བ་	VERB
འི་	གི་	PART
མཚམས་	མཚམས་	NOUN
སྦྱོར་	སྦྱོར་	VERB
།		PUNCT
		
དོན་གཉེར་	དོན་གཉེར་	NOUN
ཅན་	ཅན་	PART
རྣམས་	རྣམས་	DET
ཀྱི་	གི་	PART
ངོ་	ངོ་	PART
ར་	ལ་	PART
བྱས་པ་	བྱས་པ་	VERB
འི་	གི་	PART
སྨོན་ལམ་	སྨོན་ལམ་	NOUN
སྐོར་	སྐོར་	NOUN
བསམ་	བསམ་	NOUN
འགྲུབ་	འགྲུབ་	VERB
ལྷ་	ལྷ་	NOUN
ཡི་	གི་	PART
ལྗོན་ཤིང་	ལྗོན་ཤིང་	NOUN
།		PUNCT
		
ངེས་དོན་	ངེས་དོན་	NOUN
སྙིང་པོ་	སྙིང་པོ་	NOUN
བསྟན་པ་	བསྟན་པ་	VERB
རྒྱས་པ་	རྒྱས་པ་	VERB
འི་	གི་	PART
སྨོན་ལམ་	སྨོན་ལམ་	NOUN
དོན་	དོན་	NOUN
ཀུན་གྲུབ་པ་	ཀུན་གྲུབ་པ་	OTHER
འི་	གི་	PART
ཡིད་བཞིན་	ཡིད་བཞིན་	OTHER
ནོར་བུ་	ནོར་བུ་	NOUN
།		PUNCT
		
སྨོན་ལམ་	སྨོན་ལམ་	NOUN
།		PUNCT
		
འཇིག་རྟེན་	འཇིག་རྟེན་	NOUN
དབང་ཕྱུག་	དབང་ཕྱུག་	NOUN
དཔལ་	དཔལ་	OTHER
ཀརྨ་པ་	ཀརྨ་པ་	NO_POS
ཆེན་པོ་	ཆེན་པོ་	ADJ
འི་	གི་	PART
བཅོ་ལྔ་པ་	བཅོ་ལྔ་པ་	NO_POS
འི་	གི་	PART
གསུང་	གསུང་	VERB
གི་	གི་	PART
གསང་བ་	གསང་བ་	VERB
བསམ་	བསམ་	NOUN
གྱི་	གི་	PART
མི་	མི་	PART
ཁྱབ་པ་	ཁྱབ་པ་	VERB
ལ་	ལ་	ADP
ས་	གིས་	PART
ངོ་མཚར་	ངོ་མཚར་	ADJ
སྤ་	སྤ་	NOUN
དུ་	ལ་	PART
བཞུགས་པ་	བཞུགས་པ་	VERB
འི་	གི་	PART
གླེགས་བམ་	གླེགས་བམ་	NOUN
རྣམས་	རྣམས་	DET
ཀྱི་	གི་	PART
དཀར་ཆག་	དཀར་ཆག་	NOUN
ཆོ་	ཆོ་	NOUN
ཚུལ་	ཚུལ་	NOUN
རྣམ་པ་	རྣམ་པ་	NOUN
ར་	ལ་	PART
འབྱེད་པ་	འབྱེད་པ་	VERB
འི་	གི་	PART
ཟླ་	ཟླ་	NOUN
སྣང་	སྣང་	VERB
།		PUNCT
		
སྤ་	སྤ་	NOUN
བྱང་	བྱང་	NOUN
སྨོན་ཚིག་	སྨོན་ཚིག་	OTHER
།		PUNCT
